/dev/shm/demand/0012621e75223d8618d5f7212f659dff348b4e52F07LDTEB8S01EFU4122.jpg,truck,EFU4122,0.028591,0
/dev/shm/demand/003318d54ea59453a8f4ee442af0be34f57b9129T07LDMAB8S01CSB5160.jpg,motorbike,CSB5160,0.09683,0
/dev/shm/demand/003507b433cf09d7b4770318a039858dfa963255F07LDTEM8S01AZA9E54.jpg,truck,AZA9E54,0.062423,0
/dev/shm/demand/009758963b44175985263d880ba14ec66b70deceF07LDTEB8S01FCF0094.jpg,truck,FCF0094,0.022708,0
/dev/shm/demand/018634ddf384536cb7ce7b5a9719c5bd8a29ffb8T07LDTEB1S01BIW6391.jpg,truck,BIW6391,0.032986,0
/dev/shm/demand/01e54d91697e4ce6859163428854899e87706f5aF07LDTEB1S06EQU7386.jpg,truck,IOE4131,0.031022,1
/dev/shm/demand/023f01629eb3fb9511b8410d3c904b33f8b5cc18F07LDBAB1S01EZU9540.jpg,car,EZU9540,0.028023,0
/dev/shm/demand/024293c1443ef1fe15e354188a69b680d04bc183T07LDTEB1S01EZU6635.jpg,truck,BMU2620,0.078714,1
/dev/shm/demand/02c6309a52f615e932253d8d85adb26a70d31951F07LDTAB8S01FVS1456.jpg,truck,FVS1456,0.0374,0
/dev/shm/demand/02e806f4d49fcf705a3bb838ac793ee088aecf8fT07LDMEB8S01FFS3519.jpg,motorbike,FFS3519,0.046316,0
/dev/shm/demand/02ed760edf20b68ef664587c1677af9f5cff0b10F07LDTAM8S06GMA2I23.jpg,truck,GHA2I23,0.034878,0
/dev/shm/demand/02f8a5b930d65bc12a77ee6272788290b8433a1fF07LDTAB1S01BWZ8465.jpg,truck,plate_error,0.0592,2
/dev/shm/demand/030862e037c9b8efa876a634026fd5d5aa113529F07LDTEB1S01ADO8628.jpg,truck,plate_error,0.02424,0
/dev/shm/demand/0346df51ce5cf981c8d594acff61aa72158d87c5F07LDTAB8S01FXJ0458.jpg,truck,plate_error,0.078321,1
/dev/shm/demand/03496d2f483af5ee894880ef4e0120615df73169T07LDBEB8S01DPC0364.jpg,car,OPC0364,0.02513,0
/dev/shm/demand/037391893c9bc8740e1e0cac029f5591d10ef455T07LDTEM1S01FSU4C64.jpg,truck,FSU4C64,0.028712,0
/dev/shm/demand/0391361ac88202fc52d26c292d8b7dab5c19e12bT07LDTEM8S01GDW3I82.jpg,truck,GDW3I82,0.04595,0
/dev/shm/demand/0454d8ac2b3c66e8e53397e482378a3e02c8a84dT07LDMEB8S01EXW7850.jpg,motorbike,EXW7850,0.047257,0
/dev/shm/demand/046e725fa986fdb84ae148e5a1aab5dc0afc84e6F07LDBEB1S01AQF0876.jpg,car,ADF0876,0.022558,0
/dev/shm/demand/04a920aa281939d4459b145e537d35f646fcf26dF07LDTAB8S01DZD7768.jpg,truck,plate_error,0.031637,1
/dev/shm/demand/04bfaee36295889f067a9e6d28b236e1913e41d3T07LDTEB8S01FLL2015.jpg,truck,FLL2015,0.028255,0
/dev/shm/demand/0559da39711d976bb5afc7b567413d2baf0e0c13F07LDTEB8S01CQH3575.jpg,truck,CBH3575,0.029617,0
/dev/shm/demand/0569beb3a358c3c1a4e9405e612421e32d98d7a9T07LDTEB1S01HRS6637.jpg,truck,BTS8880,0.024435,3
/dev/shm/demand/05a1ed03f200d5a5e2e69684a93c1c624139b9abT07LDTEB1S06CUC1298.jpg,truck,BDA4B06,0.026298,2
/dev/shm/demand/05a3ec5429652148835d51e22b9ada00170e524dF07LDBEB8S01FVH5988.jpg,car,FVH5988,0.055389,0
/dev/shm/demand/076206e23162f4f84dcdb239a7e81670bdaf4c68T07LDTEB1S01FZO3635.jpg,truck,FZD3635,0.024653,0
/dev/shm/demand/0785d5fe1ddd8228af601f7366ef7fbfd169f8d1T07LDTAB8S01EDS9252.jpg,truck,COS9252,0.027985,0
/dev/shm/demand/07f8847273cb3e39aebc0609c9c575df6f722d8dT07LDTEB8S01FXY1545.jpg,truck,FAC0H00,0.016774,1
/dev/shm/demand/0804b8ed7782806b696a230bab19d75b22049dceT07LDTEB1S01DBL7012.jpg,truck,plate_error,0.028131,1
/dev/shm/demand/085fdd911716deb69fe8082cefe42259726b64f7F07LDTEB1S01EQU0969.jpg,truck,EQU0969,0.033865,0
/dev/shm/demand/08cb3d1f899f96c2b3f1a6226c606206a998ca05F07LDTEM8S01EMY9I27.jpg,truck,plate_error,0.042938,1
/dev/shm/demand/09013583d8576981c26a630202dbbdd6189a77f0F07LDTEB1S01AFO8066.jpg,truck,SZO0887,0.025384,1
/dev/shm/demand/09328b3ad371a60cdea353dcf9af936383ef4d12F07LDTEB1S04EFV6891.jpg,truck,EFY6891,0.024428,0
/dev/shm/demand/09d4d0d9685e96c0266a42da6ce91735f5ea1f3bT07LDTEB8S03ETO1047.jpg,truck,ETQ1047,0.032717,0
/dev/shm/demand/0a844653be87febe52635ea85d47279f0a2a1c04F07LDTEM1S06DAO2G83.jpg,truck,DAO2G83,0.019336,0
/dev/shm/demand/0b28738e426d2356c80d5583b30f7447aeff26efF07LDTEM1S01QXR3G46.jpg,truck,QXR3G46,0.031122,0
/dev/shm/demand/0ba8a52510456f8eaf316577112f12f9bd6515c7T07LDBEB8S01BQU6780.jpg,car,QXR3G46,0.021622,0
/dev/shm/demand/0c07d543b28ed5d81b47fc3ed565812ef4af4380F07LDBEB8S01ANY6256.jpg,car,ANY6256,0.025288,0
/dev/shm/demand/0c594e72e272e434efb97bc83e050200d50e71fdF07LDTAB1S01ANN4687.jpg,truck,FYP0000,0.043455,0
/dev/shm/demand/0c725a42cb83f3a1f8c9f629dd985d1e042f7d75F07LDTEM1S06GXS5H94.jpg,truck,plate_error,0.023932,1
/dev/shm/demand/0ccdd991fbdb146652157b27e23ad00b22abe8e9T07LDMEB8S01FWL0242.jpg,motorbike,FWL0242,0.02982,0
/dev/shm/demand/0d01d6f89cf5ce0a1ce085f36269fe1b5c72eb12F07LDTEB1S01HMV3121.jpg,truck,plate_error,0.015446,1
/dev/shm/demand/0d128699b50aec4095d5e6b458238f705be0c37cF07LDBEB8S01DMY8346.jpg,car,DMY8346,0.023185,0
/dev/shm/demand/0d58785bfd0f6d92578856ddd3b96ee926163a6bT07LDBAB8S01FMD3433.jpg,car,FMD3433,0.034592,0
/dev/shm/demand/0d91584e854cb71a5c85fe5d6d6bc29a38ce6479T07LDMEB8S01DTM8281.jpg,car,plate_error,0.053984,0
/dev/shm/demand/0f0497562786a301eb42feb93e4d8a07b080ed60F07LDTEB8S01FXR0218.jpg,truck,plate_error,0.100954,3
/dev/shm/demand/0f665aec40aa2bac256688840cd6115d06bc38a9T07LDBEB1S01GCV2826.jpg,car,GCV2826,0.025875,0
/dev/shm/demand/0fa2c31b0a4520b4a5ae817fd1fc626f3ae316e3F07LDTEB1S02RAD2578.jpg,truck,plate_error,0.063997,0
/dev/shm/demand/0ff96a4ad91e51075160d32eb900e1ebe88740d8T07LDTEB8S06FJI8332.jpg,car,GCV2826,0.045248,1
/dev/shm/demand/10e088928b0b3be5b598fc2b5f8a951419755493F07LDTEB8S01FFC4032.jpg,truck,FFC4032,0.047567,0
/dev/shm/demand/1139e7c858cc9f9b73f062a70ee734beaf8d06c0T07LDTEM8S01FPM2H18.jpg,truck,FPM2H18,0.03111,0
/dev/shm/demand/11990d57c508716a4c36953e42874dc1510dfaa4F07LDTEB8S01FSV6082.jpg,truck,FSV6082,0.0417,0
/dev/shm/demand/11ed7fc671e3306288951c2b7239c5c4e5d1e676F07LDTEB8S01EEH5201.jpg,truck,EEH5201,0.027347,0
/dev/shm/demand/125cc7e45f00e62e7f4633378c7f6d84101e1c83F07LDTEB8S01FZG5999.jpg,truck,FZG5999,0.03114,0
/dev/shm/demand/12610659f97db7ea6e3923ecec78a0952943074aF07LDBEB8S01DAP0667.jpg,car,DAP0667,0.029904,0
/dev/shm/demand/129188628ccc2f711712c33be378dfa33f55f73fT07LDBEB8S01EOB1571.jpg,car,BCB8880,0.039738,3
/dev/shm/demand/12dc1617fac54d0f0aedbc0a5f2b764d6881741aT07LDMEM8S01DEN6H59.jpg,motorbike,plate_error,0.033042,1
/dev/shm/demand/1357391d60655372777206824863f7a54c7a87f4T07LDTEB1S01AVS2635.jpg,truck,AYS2635,0.02541,0
/dev/shm/demand/1367a448878874d836af131d24378c4ca3c2deabT07LDMEB8S01ESW8716.jpg,motorbike,ESW8716,0.093817,0
/dev/shm/demand/13994fca6ceb180b7b4545d4a0cd6aa5270a8f03T07LDTEB1S01AWB3394.jpg,truck,AWB3394,0.020798,0
/dev/shm/demand/13c8ce7c7d4a0aec31660a79645b9cf287a5f6cfF07LDBEB8S01EOB1571.jpg,car,EOB1571,0.024948,0
/dev/shm/demand/1492ac3749ffb34482e97269dd4027c2f43c446dF07LDTEB1S01CVN4381.jpg,truck,CVN4381,0.018034,0
/dev/shm/demand/14fa6086865b4e69e59a5722ba2a3d2a0f9e45f6T07LDTEM8S01DAJ4C88.jpg,truck,DAJ4C88,0.018941,0
/dev/shm/demand/1547b16bcb8fd5c3b2fe22f03739e31da047ad91F07LDTEB1S01EJV0248.jpg,truck,EJV0248,0.020928,0
/dev/shm/demand/155073357a85b71f337853141fbbd53f61d6355bF07LDTEB1S01DWH7871.jpg,truck,plate_error,0.024016,1
/dev/shm/demand/15779c691da4133011c5cb04a3e34e517504f902T07LDBAB1S01EOF2163.jpg,bus,EDF2163,0.037046,0
/dev/shm/demand/15a4492be4bb4cd5ac1a411040407ead7cf413c4T07LDTEB8S01DQE6523.jpg,truck,plate_error,0.036216,1
/dev/shm/demand/15b50d7e0f0d67e1a4325cd18f4d882cd8964b14F07LDTEB8S01EUF8775.jpg,truck,BBM8884,0.025059,1
/dev/shm/demand/16d89364ccee4f81936c76162958d69d646b0967T07LDTEB1S01CPN3227.jpg,truck,DDO0030,0.023672,2
/dev/shm/demand/16ea8d59aa1e88bc97c9c3e7de7df7c325c45e6fF07LDTEM1S01BDY4C81.jpg,truck,BDY4C81,0.023975,1
/dev/shm/demand/17201b9d0bc3ed3cfb4f593cdff934baef049aafF07LDTEB1S08DTC6998.jpg,truck,DTC6998,0.020102,0
/dev/shm/demand/172c8c034ff23cdd5561fb6c5aa0f99a653f23bdT07LDTEB1S01ENY0784.jpg,truck,EYO0817,0.02497,0
/dev/shm/demand/17cb56b38ca3bb78c862281d4d2f6145963d4641F07LDTAB8S01CPG7930.jpg,truck,CPG7930,0.027023,0
/dev/shm/demand/17d3eb7553ad3aeaf3a65e4e1fe8ef4b9a296089F07LDTEB1S01EQU5170.jpg,truck,EUH5170,0.018656,0
/dev/shm/demand/184a7577e64ddc75376162a59362f6fe33c84963F07LDBEM1S01FTG3A63.jpg,truck,EUH5170,0.040817,0
/dev/shm/demand/18641f99d7af800be613392860d4c142db908c91T07LDTEB1S06GJF9192.jpg,truck,GJF9192,0.016796,0
/dev/shm/demand/187d849ef8f20aa0bce739ba515879bdcac497deF07LDTEB1S01LQB1683.jpg,truck,LDB1683,0.016949,0
/dev/shm/demand/18a22b5545d228423e6c254581f3b4adb02d6958F07LDTEM1S01CKU5E99.jpg,truck,CKU5E99,0.021173,0
/dev/shm/demand/193f2f3709dbefc9053e01e5879d79c4f9dd484bT07LDTEB1S01BWM0830.jpg,truck,BWM0838,0.028679,0
/dev/shm/demand/19fe2f66270a246f001153f9eea9d5094aefcdefT07LDTAB1S01DPF6995.jpg,truck,FCO0880,0.024813,1
/dev/shm/demand/1a33365e101c43a321058d094b73913d1bdaeee1T07LDTEB8S04EMU2780.jpg,truck,EMU2780,0.018962,0
/dev/shm/demand/1a5a4bed6cfd2ea906f6089ee43922b0812e0278F07LDTAB8S01FEI3466.jpg,car,FEI3466,0.030537,1
/dev/shm/demand/1a946f4355da57531de50e87d2863f88af159f42F07LDTEB1S01ONR7701.jpg,truck,DNR7701,0.031728,0
/dev/shm/demand/1ad729b2d534d9084a485399ebade80497c1f518T07LDTEB8S06BYQ6984.jpg,truck,plate_error,0.027081,1
/dev/shm/demand/1c30cb7b7d61b0c2730b30517e5c3519fc640bf7F07LDTEB1S06HRO4997.jpg,truck,MPO4997,0.023848,0
/dev/shm/demand/1c700310c1df80e6745fce46491731a69402a1f6F07LDTEM1S01EOF6C81.jpg,truck,EOF6C81,0.024011,0
/dev/shm/demand/1caf8e2611272b809398fa4f9ea21f3ea4386f5cT07LDTEB1S01DPF6995.jpg,truck,BBB2382,0.016397,1
/dev/shm/demand/1ce63912ccca13db45d880d86b4ddc4276dc5d79T07LDTEM1S01ABL9A30.jpg,truck,plate_error,0.017982,1
/dev/shm/demand/1e005cc4d632a84dbb653308dc794f8fdc9151bcF07LDTEB1S01NVZ4613.jpg,truck,MVZ4613,0.063045,1
/dev/shm/demand/1e739add4080fbeeb7323cc2961fe06fb194d5deF07LDTEB8S01ENY6086.jpg,truck,ENY6086,0.03017,0
/dev/shm/demand/1ebf945d216a608506bc614fb580d9ee16e472ddF07LDTEB1S07EJX7304.jpg,truck,plate_error,0.026993,1
/dev/shm/demand/1ecf0859efd3011d8176d2b94f874829c2aa1225F07LDTEM1S01ESD4J55.jpg,truck,IES0455,0.02807,0
/dev/shm/demand/1f28526ca1b92d61cee3db919ab15510d4643f48F07LDTEB8S01DUU0469.jpg,truck,DUU0469,0.026138,1
/dev/shm/demand/1f79fa7f8cd27346e028e0cb42a72bacedb1c046T07LDTEB1S06CLJ0823.jpg,truck,CLJ8823,0.022805,0
/dev/shm/demand/1face5a0788ae724ca59a5ba7ab842d6f8ed60efF07LDTEM1S01BSX3J64.jpg,truck,BSX3J64,0.031671,0
/dev/shm/demand/2105604ca8b8e607e41e1da3f6df0071f75900aaT07LDTEB1S01MAE9727.jpg,truck,MAE9727,0.023956,0
/dev/shm/demand/211771c3cff75ffcefc1e54f22a73e4afe5c6319F07LDTAB8S01ELE0636.jpg,truck,ELE0636,0.042812,0
/dev/shm/demand/21a5d20ba5d26733a67a8c5a920e07c3f53de724T07LDTEB1S01BWD0490.jpg,truck,plate_error,0.023019,0
/dev/shm/demand/223def9c8ea46b6357dee6437fb2dffe41f8f5a6T07LDTEM1S01AWE8F75.jpg,truck,plate_error,0.032423,0
/dev/shm/demand/226e23a676d3a4b651457c2bfe0d630bb96e1f0fT07LDTEB1S01AZB5779.jpg,truck,None,0.027466,0
/dev/shm/demand/22ab2c35024607a68183cb38665b7484fccf1f9bT07LDTEB8S03ETW6251.jpg,truck,ETW6251,0.022813,0
/dev/shm/demand/22d418df7f27b0a5bc9b70a78fcce1c6591ccdf9T07LDTEB8S01FKP1598.jpg,truck,FKP1598,0.04064,0
/dev/shm/demand/2304b834f7ab59c6e695b0f721b931b035a37e59T07LDTEB8S01BXC5100.jpg,truck,BXC5100,0.025428,0
/dev/shm/demand/2360cc2be6b5eb1e59f87c3a0acb6bc29783599bF07LDTAB1S01CPV7455.jpg,truck,CVP7455,0.052834,0
/dev/shm/demand/237724748d73c8deb5be4a6342883ba406f965b4F07LDBEM8S01KZN9B73.jpg,car,KZN9B73,0.103969,0
/dev/shm/demand/238ac6018ea90de8d81a9c24712ae785c7baf473T07LDMEB8S01FZA7449.jpg,motorbike,FZA7449,0.071146,0
/dev/shm/demand/244768ef09cc5ddb4bb2396c42c443709af7d3b2F07LDTEB1S01PCR3732.jpg,truck,PCR3732,0.018545,0
/dev/shm/demand/24c45ec0811f025c84f784f4ac26649469f66ef7T07LDTEB8S01FFQ5745.jpg,truck,FFQ5745,0.021943,0
/dev/shm/demand/24d801bdc623600a85d352a022705d08b70970a8T07LDTEB8S03DWF6669.jpg,truck,DWF6669,0.031819,0
/dev/shm/demand/2506847b71949cb20c58dfc9e8378506f7f209a2F07LDTAB8S01FCB0264.jpg,truck,FCB0264,0.060968,0
/dev/shm/demand/26185e0effb67c41214c283a67ccdccb634dbad1F07LDTEB1S01FWF9629.jpg,truck,FWF9629,0.043196,0
/dev/shm/demand/26af73ccd8ac2ae56c2b63c008e4031416f3fa70F07LDTEM1S01ESD4J55.jpg,truck,ESD4J55,0.02875,0
/dev/shm/demand/26b187f00f6b154cd0aea9c9e4659154fd89c13fF07LDTEB8S01QTK9938.jpg,truck,ESD4J55,0.029953,0
/dev/shm/demand/271e9d2966e2951533e219bcf31c8cc4fdbfca85T07LDMAB8S01GJO2191.jpg,car,GJO2191,0.108497,0
/dev/shm/demand/28238969e79b58946b8e739764af1b9f394ff0ddT07LDBEB8S01ATM8475.jpg,car,ATM8475,0.044086,0
/dev/shm/demand/2927760116843376414a49d7dfde12bc0b1e2bb4F07LDTAB8S01EYN1777.jpg,truck,EYN1777,0.052106,0
/dev/shm/demand/293636b0978ded8f8a32970641a31c17005cc4b1T07LDTEB8S01BAZ7778.jpg,truck,plate_error,0.039085,0
/dev/shm/demand/2946cc6d157376e77c6a01e30494b726f343b495F07LDTEB8S01IUP8290.jpg,truck,IUP8290,0.032743,0
/dev/shm/demand/2953f5c5ecd525f118903cc8a27bd0bda6bb0845F07LDTEB8S01DRP2954.jpg,truck,DRP2954,0.030417,0
/dev/shm/demand/297539e0366efe11ecd2007443401fac89621d78T07LDBAB8S01DZI7670.jpg,car,DZI7670,0.044997,0
/dev/shm/demand/2985edc923c5fcdb235c88001372521de663425bT07LDTEM1S01RJK0B53.jpg,truck,RJK0B53,0.023158,0
/dev/shm/demand/29a16fa70b0ed2c0d7dfed349c9109fe5e05ab4cT07LDTEM8S01CRT9C43.jpg,truck,CRT9C43,0.024631,0
/dev/shm/demand/2a1ed2db1328ad652c2ffc677f9573a38a11297dF07LDTEB8S01AVP3477.jpg,truck,AVP3477,0.022642,0
/dev/shm/demand/2a5046607a49c179e4104fd596647ae0368297ffT07LDTEB1S02MHM2039.jpg,truck,BBB8838,0.018426,3
/dev/shm/demand/2a858c9c458d2c799a0c75f974f623ebded3fca4T07LDTEB8S01DFU3495.jpg,truck,DFU3495,0.01571,0
/dev/shm/demand/2ba6542d373199d0b6b8f8c065b8c29618b1f0afF07LDTEB8S01EVT9563.jpg,truck,EVT9563,0.026026,0
/dev/shm/demand/2c0b32ae516cba1a26cd625ba26ebef0e54b7ec0F07LDTEB8S01EFT1141.jpg,truck,EFT1141,0.051349,0
/dev/shm/demand/2c71c6e651aa2a445f8c003cfa92ea93d71fae7eF07LDTEM1S01EUJ8H99.jpg,truck,EUJ8899,0.02521,0
/dev/shm/demand/2ccc44ce7ea5432abc00d8f0e83fffb6ee7550d3F07LDBEB1S01DTA3457.jpg,truck,MAH4407,0.072341,2
/dev/shm/demand/2ce54cc25c0db662ce7ddbe82f1aad1427a59af8F07LDTEB1S01CUB4177.jpg,truck,CUB4177,0.030699,0
/dev/shm/demand/2d95b071a6e9136f2e39dd21563e4597f119b12aT07LDTEB1S01BWW9027.jpg,truck,BWW9027,0.024305,0
/dev/shm/demand/2ee35ed17e01860ceecb88e33074865e5dfed71dF07LDTEM8S01DSC1J01.jpg,truck,plate_error,0.020055,1
/dev/shm/demand/2f651f6d9ba1b66bfac20e88092e7e2f3e549a25T07LDTEB1S01DVT0105.jpg,truck,plate_error,0.040562,4
/dev/shm/demand/2f6a7a51b5bcbd059bde5fd09553c88712b96734T07LDTEB1S01EJV5752.jpg,truck,EJV5752,0.01919,0
/dev/shm/demand/2f848513c02e172208e8bdcc431d98b80b9c7645F07LDTEB1S01EJY9884.jpg,truck,EJY9884,0.023235,0
/dev/shm/demand/301d7fb59b9e5ec025f430eac2f44a1c9590c63aF07LDTEB1S01GXS1391.jpg,truck,EJY9884,0.03888,0
/dev/shm/demand/30fd2783ca7bb5c8303a3165e296832f1ea7674eF07LDTEB1S04GCL7549.jpg,truck,GCL7549,0.023898,0
/dev/shm/demand/312a5624a2572b4a40044d90e2eaaace8c3e1b1eF07LDTEB8S01GMZ8407.jpg,truck,GMZ8407,0.035367,0
/dev/shm/demand/3162fecaa843dc4281726a220efe42fbabe113aeT07LDTEB8S01CLJ9322.jpg,truck,CLJ9322,0.030347,0
/dev/shm/demand/317bbc1a68895cf4956e96a7feb2d09bc060ecd3T07LDTEM8S01ETG3J67.jpg,truck,DDD0208,0.03835,1
/dev/shm/demand/318f88117454ab781e72d98d49f701601d868692F07LDTAB8S01DAJ8586.jpg,truck,DAJ8586,0.044635,0
/dev/shm/demand/31de4db6bffae9a9831826eacdf71c4d97d46cbbF07LDTEB8S01BDS5E50.jpg,truck,BDS5E50,0.034708,0
/dev/shm/demand/31ea09f91056854c3fca84f41de771853dab3303T07LDMEB8S01EWY0723.jpg,motorbike,EWY0723,0.070336,0
/dev/shm/demand/31ef4753a568598caa6a023d0966a0f668d45facT07LDTAB8S06BXC4388.jpg,truck,BXC4388,0.037666,0
/dev/shm/demand/3248dc0198826a3750840514f2c1dcca2af3824bT07LDTEB1S01GIA8735.jpg,truck,plate_error,0.018356,1
/dev/shm/demand/32d6db7d5c8871edbf89cefe335bae9df710b1c9T07LDTEB1S01NPF1580.jpg,truck,NPF1580,0.028187,0
/dev/shm/demand/331d74f9a65ed8e584e96781f06531353f17198bF07LDTAB8S01ETO1047.jpg,truck,ETO1047,0.033257,0
/dev/shm/demand/33820e1ec51c911811d070a517bef54f590f4908F07LDBEB1S01DZD8850.jpg,truck,BXB8420,0.099019,1
/dev/shm/demand/33ce60a087c779e0d0fb4cfce886a349e5015224T07LDTEB1S01ATC0285.jpg,truck,ECC8808,0.019286,2
/dev/shm/demand/347d05f8dcc52111783c50d6a509d5cadece08a1T07LDTEB8S01FWH5080.jpg,truck,FWH5080,0.027692,0
/dev/shm/demand/34dfa3bc0de2163edfc807646063aef12704f5edT07LDTEB1S01OVH8536.jpg,truck,AYA4834,0.022704,1
/dev/shm/demand/3514a69ac40651dfc3d864df93f9853a5e98a297T07LDTAB8S01ATZ2381.jpg,truck,plate_error,0.024982,1
/dev/shm/demand/3527e72eb405d4de1af76b38d933724e71580896T07LDTEB8S01ERH6778.jpg,truck,ERH6778,0.054439,0
/dev/shm/demand/353ff47088f1c637465c9c2f1af826005be0d3b6T07LDBEB8S08QWW4042.jpg,truck,DWW4042,0.023507,0
/dev/shm/demand/35a362a1d9a1d78bffd111b809d0edf1b055da20F07LDBEB8S01OPV8492.jpg,truck,OPV8492,0.133308,0
/dev/shm/demand/3621acd8b778f78003dc96ca650f67f65cfbe539T07LDMEB8S05EHL9470.jpg,car,EBL9470,0.066385,0
/dev/shm/demand/365d7017bc66926412e3a2ab3d9210a5dbaf4215F07LDTEM1S01AEZ6H20.jpg,truck,AEZ6H20,0.024601,0
/dev/shm/demand/36969c71dc5a6f70820b998ca6b4a62477225f71T07LDTEB1S01ACP9333.jpg,truck,None,0.018233,0
/dev/shm/demand/379ab6ea39a005b1a48fc7bf372d994ad9d8dca7T07LDTAB1S03EIB9649.jpg,truck,EIB9649,0.035233,0
/dev/shm/demand/37a220998fea6652f282ef3e679dec1bb6e8a85bF07LDTEB1S08EFT1825.jpg,truck,EFT1825,0.028642,0
/dev/shm/demand/380833e63d1ac9ad3f43e56594e08b10f4b055b1F07LDTEB8S01EPX5222.jpg,truck,EPX5222,0.026643,0
/dev/shm/demand/3810d31d2a34d4fdafeda513ca74bd1e07e4fdf8F07LDTEB1S06QQN8138.jpg,truck,DOH8138,0.02223,1
/dev/shm/demand/385e90ed1d25543f33c1eb016adcc9b9a767d595T07LDTEM1S01DBL6D19.jpg,truck,DBL6D19,0.028931,0
/dev/shm/demand/386f65aed9d9a70c11212e4b5a9e06f9597b3f7fF07LDBAB1S01DVS1044.jpg,bus,DVS1044,0.028559,0
/dev/shm/demand/39381d988f5a1ca3e8f1ea0cc8ccbe55f69362e9T07LDTEB8S04HPC3161.jpg,truck,None,0.019514,0
/dev/shm/demand/394c98a0a0c913f689987846b6dc829f03bc96fdT07LDTEB1S01CLH2784.jpg,truck,CLH2784,0.020743,0
/dev/shm/demand/397344ce3a2c3e146465cba44120241641fc4cabF07LDTEB8S01EPF0590.jpg,truck,EPF0590,0.034215,0
/dev/shm/demand/39f3c640eb12002eef7663f79d5ecdf91e6ffb44T07LDTEB8S01GEK2250.jpg,truck,GEK2250,0.03715,0
/dev/shm/demand/3a0986aa0c7266aa5a32e21e91829a42d236d0cdF07LDBEB1S01ESU4318.jpg,bus,TTT7050,0.043538,0
/dev/shm/demand/3a0a1909182f47d7b4daa71ce773710ff66377b0F07LDTEB1S01AQT4270.jpg,truck,ADT4270,0.018769,0
/dev/shm/demand/3abcd22b351e9c54a38dfa194983eeb0ab7e65adF07LDBEB1S01FDC6928.jpg,truck,FDC6928,0.087703,0
/dev/shm/demand/3ae4c8498eccaa1c00f7d12807deec357879a7a2F07LDTEB8S01CLK8720.jpg,truck,CLK8720,0.022317,0
/dev/shm/demand/3b0674529d69b804b9e55addc7c6a7907e0a1294T07LDTEB1S06ETX2764.jpg,truck,FDR8984,0.032537,0
/dev/shm/demand/3b727c517ea257bb04a9bf11af6f51c3ef48c6ebT07LDTAB1S01DPE6228.jpg,truck,OPE6228,0.027226,0
/dev/shm/demand/3c33e5f821988fd6855d3e9010b1c31c7c90e89eT07LDTEB8S06FAD7271.jpg,truck,FAD7271,0.029712,0
/dev/shm/demand/3cac9450d30915c91be73530303654737496b40dT07LDMEB8S01DFD4104.jpg,motorbike,DFD4104,0.049757,0
/dev/shm/demand/3e19992909054a90f24153026fa3fc3342ca2ed9T07LDTEB1S01JZG1883.jpg,truck,BBM8880,0.045902,2
/dev/shm/demand/3e27c7aa567217889e9378beb25bdb6a8ad6adc1T07LDTEM1S01AUW6G65.jpg,truck,AUW6G65,0.016359,0
/dev/shm/demand/3e300016ba4728f0d2a27bbfbade688abe78b6f0F07LDTEB1S01ANC9927.jpg,truck,ANC9927,0.030599,0
/dev/shm/demand/3e98a2307e9ebd8c6d00c929f7d2f9bf8f83ce7bT07LDTEB1S01EOE8389.jpg,truck,EDE8389,0.021958,0
/dev/shm/demand/401f14c360c4e1cbade714e9fa7291e217daf8a3T07LDTEB8S01FHF4988.jpg,truck,FHF4988,0.039411,0
/dev/shm/demand/410f66e473c4c928eae8158bf7b28f3bc461c8e1F07LDTEM1S01IOG6J28.jpg,truck,IOG6J28,0.023485,0
/dev/shm/demand/4123a10add363aad4afe0e24050e0217e851faf6F07LDTEB1S01EHH7163.jpg,truck,EHH7163,0.039652,0
/dev/shm/demand/412429e510912e3851cbc0ce9db80533e15f2130T07LDTEB1S01DPC0715.jpg,truck,DPC0715,0.013125,0
/dev/shm/demand/41c62887febc1dd5fb2e153122571ef7bccc3177T07LDTEB1S01DPE9775.jpg,truck,DPE9775,0.02028,0
/dev/shm/demand/41d421054c68b9340a82756f554bd4ec8c656caeF07LDTAB1S01DBM6028.jpg,truck,DBM6028,0.031188,0
/dev/shm/demand/433aeff41c87d811662806499f6602495d8aa012F07LDTEB1S01MPW8715.jpg,truck,MPW8715,0.025991,0
/dev/shm/demand/43558e33958d31e6c1006f4bf6dfb4982909bbbeT07LDTEB1S01ETX2764.jpg,truck,plate_error,0.042834,1
/dev/shm/demand/437a71e2bf5c1945f56d2f43a8db0df5454f8113F07LDTAB1S01CDF7416.jpg,truck,CDF7416,0.042759,0
/dev/shm/demand/43d3d937036bb1c9f33f6fe8ed9af87a525339a1T07LDTEB8S01FDC3I13.jpg,truck,FDC3I13,0.031486,0
/dev/shm/demand/4452cf911e3e4b03b95fc805ce3eec817ffa6fe6F07LDTEB1S01AHA4255.jpg,truck,AHA4255,0.02805,0
/dev/shm/demand/446c89e8bfd3c27ce7e1935ad5a0ffbb2d80d3a3T07LDTEB1S07DBL7073.jpg,truck,BBB8888,0.028303,3
/dev/shm/demand/44ac1c50fcf888a71b8a6e3180ae403c823e6daaT07LDTEB8S01BWK1501.jpg,truck,BWK7501,0.014128,0
/dev/shm/demand/44cb6c0df1a4b77f83ec34a4d7f37756b38079b0F07LDTEM1S01BWI7H84.jpg,truck,plate_error,0.022048,1
/dev/shm/demand/4511e2f87aec50608e449ae7cca1b7538eb5565cT07LDTEB1S01DTB9990.jpg,truck,DTB9990,0.016504,0
/dev/shm/demand/461a494bc4df6e147b144c653d16ad2bf3fa2ec1F07LDTEB1S05JXZ2129.jpg,truck,JMZ2129,0.062246,0
/dev/shm/demand/464aab1e6b3f46d7165688d2add5859183eaa471T07LDTEB1S06DIR5190.jpg,truck,plate_error,0.025768,1
/dev/shm/demand/467dc46c8d14b293b5249b550cce612159e146f9F07LDBEB8S01FWY6472.jpg,truck,FWY6472,0.045144,0
/dev/shm/demand/469891309303c555b4010aae18b90da60d5f49caT07LDTEB1S01EVA0912.jpg,truck,EVA0912,0.038951,0
/dev/shm/demand/469f5e362f6ca7f4036624860ca3e278440bf6adT07LDTEB1S01BUS6541.jpg,truck,BUS6541,0.023331,0
/dev/shm/demand/476da56d31327dfafeb4b9468982e7cd2f5f958fT07LDTEB1S01ASZ5652.jpg,truck,ASZ5652,0.021318,0
/dev/shm/demand/47725f0603c373f8028e8a62daecbea385689cb6F07LDTAB1S01EFW3125.jpg,truck,EFW3125,0.048238,0
/dev/shm/demand/47e94de814f9cd4afdbd99810ab1fb2e82a8e8ffT07LDMAB8S01DOM5820.jpg,motorbike,DOM5820,0.047601,0
/dev/shm/demand/4a13f7041fc1fb8e6817e4e57ede4b44b4bc1bebF07LDTEB1S01ARC0057.jpg,truck,APE0857,0.020961,0
/dev/shm/demand/4b62b6b3b65618f16ab52a630fcca44c15d5b655T07LDBAB1S01FEQ4711.jpg,car,FEO4711,0.045652,0
/dev/shm/demand/4c7a4b878b2c392c0d06225b85e2edfe8101857dT07LDTEB1S02FIG2007.jpg,truck,FIC2992,0.0418,2
/dev/shm/demand/4d129cc8b637d5b71752093af53dc3ae2dbaa08fF07LDTEB8S01EVM5847.jpg,truck,EVM5847,0.034645,0
/dev/shm/demand/4d401dba1ea0c93e2f8b6c9a0d68b7f00b58450dF07LDTEB8S01DPE1055.jpg,truck,DPE1055,0.021819,0
/dev/shm/demand/4d5d2a108f575f60498baac954ad57d8efa434abT07LDTEB1S01IIV3004.jpg,truck,plate_error,0.026121,1
/dev/shm/demand/4d713c8226857fb6beba7951437e64c2bec808a3T07LDBEB8S01DPN2029.jpg,car,DPN2029,0.033436,0
/dev/shm/demand/4d7597ada1887af59959763a0459e4ea59f98d79T07LDMAB8S01FXD6891.jpg,motorbike,FXD6891,0.118007,0
/dev/shm/demand/4dff27ade5d2104f72cd5c1ce2c3c5ace172397bT07LDTAB8S06DUU0469.jpg,truck,plate_error,0.023674,0
/dev/shm/demand/4e1993113be0587a87e94b377eed491a2a712649T07LDBEB8S01ESJ4098.jpg,car,ESJ4098,0.02396,0
/dev/shm/demand/4e3f904a3086f1adcfc7db8ea86464e09513f235T07LDTEB8S03CWE8922.jpg,truck,CWE8822,0.014835,0
/dev/shm/demand/4e549a9d112ef79f7cf1bca33592294171c32d24T07LDTEB8S01FIU0772.jpg,truck,FIU0772,0.021944,0
/dev/shm/demand/4e56ed15a7196cc48d3fba8a42c01b3871c06f36F07LDTEB1S06CUB0519.jpg,truck,EUE0519,0.031419,0
/dev/shm/demand/4e98ecc4568f17d49ff3ad8c4fe09ba6793bc72bT07LDTEB1S07KED8251.jpg,truck,DPV7890,0.030244,0
/dev/shm/demand/4ed0f02cfcd826db1e14bf0a2763ce9f4ce9239dF07LDTEB8S01GAL1582.jpg,truck,plate_error,0.021894,0
/dev/shm/demand/4f5e837edbc5c78091d9d005bba532f115e5c2e8F07LDTEB1S01DBM0494.jpg,truck,DBM0494,0.0185,0
/dev/shm/demand/4f7fcf38e8e558e5721a39c8c2bdb5f9816a29dfT07LDTEM8S01BDH3B54.jpg,truck,LBR6047,0.034952,1
/dev/shm/demand/4fe5943ade53d5e9d48a91effa2b7af983a4f2beT07LDTAB8S01GGY2363.jpg,truck,plate_error,0.052229,1
/dev/shm/demand/5035a75d34ab4fd31c1e02093402b5b0ed193c44T07LDTEB8S01GCY7150.jpg,car,IGC7780,0.039595,0
/dev/shm/demand/5036c709f6ee112f5bd3eb9945ee46ca8d32449aF07LDTEB1S01GEA3977.jpg,truck,GEA3977,0.024578,0
/dev/shm/demand/50374eba66ce99a8e8e6ec0469d803b2686c8c10F07LDTEB1S01PYE1167.jpg,truck,PYE1167,0.032156,0
/dev/shm/demand/50f3eef6a7f8a4997a1416bff0442723b8e4eb1aF07LDTEB8S01FTD2344.jpg,truck,FTD2344,0.026801,0
/dev/shm/demand/51aaf2ec54094b78113ce5855250062261c1524aF07LDTEB8S01ERF4410.jpg,truck,ERF4410,0.037428,0
/dev/shm/demand/51c4aac9a1d83035dfd615cfbffca89b4d5ed03aF07LDTEB1S01EXR7918.jpg,truck,plate_error,0.021251,0
/dev/shm/demand/5308cb7f20bc9de2b01f6d921a0b658b2448bf73T07LDTEB1S01LLM4478.jpg,truck,ERF4410,0.030812,0
/dev/shm/demand/5326cff41320e260cae25749adb3c0e507b86985T07LDTEB1S01FWW8152.jpg,truck,FWW8152,0.021358,0
/dev/shm/demand/5326daa5ba63be9523d96f7194065dacec361800F07LDTEB1S01EHH9595.jpg,truck,EHH9595,0.032455,0
/dev/shm/demand/532bb1f6219c8a6ff3b5a6509156e721891da6aaF07LDTEB8S06EFR5199.jpg,truck,EFR5199,0.02002,0
/dev/shm/demand/53725cac6b77db6019874f030f357669f2e9020fF07LDBAB1S06FEI5888.jpg,truck,FEI5888,0.036458,0
/dev/shm/demand/5432620c0212e81b83c94beb04530af4dbbb149aT07LDTEB1S01CDM3895.jpg,truck,plate_error,0.027837,1
/dev/shm/demand/550004f6c8abad4046fe1e26969965e1f0a8e001T07LDTEB1S07JGZ0268.jpg,truck,FTT7774,0.030943,1
/dev/shm/demand/5568302305de8cf0c4ff957410f5799fa0510badT07LDBEB8S01GZV5692.jpg,car,plate_error,0.03896,1
/dev/shm/demand/5593ed05cad419d1e958fee3108669d54a7a2368F07LDTAB1S01CVN9338.jpg,truck,CVN9338,0.043312,0
/dev/shm/demand/55cf79c7993a89c821c78f69952f49383ce60e89T07LDTEB1S01GBB6938.jpg,truck,BCB8B88,0.025235,2
/dev/shm/demand/5623184fb6a67ad697f50b0d5cb3baccfedba8b8T07LDTEB1S01ITK4039.jpg,truck,BCB8B88,0.016679,0
/dev/shm/demand/565eda899b25de88760f36e7d81e3a2c852b6778F07LDTEB8S01ETG5864.jpg,truck,BCB8B88,0.079665,1
/dev/shm/demand/5664625bae999ad44fe3b224122cad626d565372T07LDTAB1S01EJV0330.jpg,car,None,0.038599,0
/dev/shm/demand/5699bf95a56ffa717e09005516895fa221885958F07LDTEB1S08CUD3146.jpg,truck,plate_error,0.024766,1
/dev/shm/demand/56a5c94407be403997b8c15adf83decf2793a52dT07LDMEB8S01EWY0393.jpg,motorbike,plate_error,0.068999,0
/dev/shm/demand/56eb9eeb9d3a2e0ee4b1fed1e9609c94412f13baT07LDTAB8S01BTL6063.jpg,truck,JDL6063,0.039616,0
/dev/shm/demand/571849e299f30dbaf7bfb211ba859f24cde527aaT07LDBEB1S01FOR3370.jpg,car,FUR3370,0.024061,0
/dev/shm/demand/577a41332adecd9add6f05d7203413b7d86996f3T07LDBEB8S01EPV1822.jpg,car,EPV1822,0.039461,0
/dev/shm/demand/57c0170bc492a4e1986aa1ebc07f706e7fa3e685T07LDTEB1S01DVT8764.jpg,truck,BCW2009,0.01719,4
/dev/shm/demand/57cf1dae906a32684fe0aab18ef36d11205d83c3T07LDTEB1S01AVC7656.jpg,truck,BBC8880,0.020464,2
/dev/shm/demand/584892c2998943cf30c6640813144df1fa40d4e3T07LDMEB8S01EWY0402.jpg,motorbike,EWY0402,0.05025,0
/dev/shm/demand/58b1feabc2d1677f43d3cc51f08a3dfb9a1f938aF07LDTEB1S08CPR5882.jpg,truck,CKO1416,0.022246,2
/dev/shm/demand/59064e51960f4d2f4dcd708eab4da7061a040ddfT07LDTEB8S01FOR5864.jpg,truck,FDR5864,0.034473,0
/dev/shm/demand/5930d3335c75b0bb036c06ecf7fb32ca26c11c5eT07LDTEB1S01FFW6164.jpg,truck,BFZ2280,0.031693,1
/dev/shm/demand/593fca21dfa2c86e2e073f1941cfc5348a69b3ddT07LDTEB8S01CNI4181.jpg,truck,BGG8869,0.023468,1
/dev/shm/demand/594f5679afb5f2f1b4586af84f2f744e85a65a8fF07LDBEM1S01GAS3A38.jpg,truck,GAS3A38,0.024664,0
/dev/shm/demand/59e5a4722d7907f0e8591232abf663ead5fe9d07F07LDTEB8S01CVN7539.jpg,truck,CVN7535,0.037234,0
/dev/shm/demand/5a368940c583d906230d84ab3a7d46030f0248a2F07LDTEB1S01EGK7684.jpg,truck,EGK7684,0.039595,0
/dev/shm/demand/5a3ac5e448a1ddeb9173cbcc7cbd6b9927cd7477T07LDTEB1S01CXH5428.jpg,truck,CXH5428,0.022999,0
/dev/shm/demand/5aac99ee5768e350a1b677586d42e49b47047996F07LDTEB1S01GJT6933.jpg,truck,GJT6933,0.027562,0
/dev/shm/demand/5acaaf4c958ad26e99614966502ab977b9c46d92F07LDTEB1S01FDC6855.jpg,truck,plate_error,0.022922,0
/dev/shm/demand/5b4ddf3970aa288d822235912fbe09e80772f4b0T07LDTEB8S01BWT3768.jpg,truck,plate_error,0.03432,1
/dev/shm/demand/5bba53f7d2c6ad79d3fca35a094715655b4112e4F07LDTEB1S01DPF9827.jpg,bus,DPF9827,0.027887,0
/dev/shm/demand/5bba90fd2402ca6a4f5eda9b62ba51c2fcc8da3bF07LDTEB1S01AWL9893.jpg,truck,AWB9899,0.023994,0
/dev/shm/demand/5beeb11bd278a178a7bb9a39a78b1def466f85a7T07LDTEB8S01PZJ6624.jpg,truck,PZJ6624,0.026063,0
/dev/shm/demand/5c3d6c46bd06a0c082445c4efd5225406e423d13T07LDTEM1S01BDJ1H78.jpg,truck,PZJ6624,0.020999,0
/dev/shm/demand/5c6c89c2662d3b8d2b4779de456d53316ba3631cF07LDTAB8S01QJL7023.jpg,truck,DJC7023,0.071335,0
/dev/shm/demand/5d01a2c8bbc18a7fdd2c783cd25386ef1e43935cT07LDTEB1S01ETZ0675.jpg,truck,BBB8B83,0.020531,1
/dev/shm/demand/5d1e66869bbbaafbe2ee01b39abf2733a1075f67F07LDTEB1S01EKH7312.jpg,truck,plate_error,0.025786,1
/dev/shm/demand/5e004d659d68b53b96b83bc109ada0fd3a6eb3c3F07LDBAB8S01DPC8106.jpg,car,DPC8106,0.045094,0
/dev/shm/demand/5e07760baa84b46f263652130bb7a0405ab2dd90F07LDTEB1S01OMK0133.jpg,truck,plate_error,0.032092,0
/dev/shm/demand/5e30bdcf2fe3c17a82a9e5713fda0a9434f98952F07LDTEB1S01FZO7828.jpg,truck,FZD7828,0.030287,0
/dev/shm/demand/5e68fcd805bc63daa2f203fa3e5c5f2ea7464384T07LDTEB1S01ATK2378.jpg,truck,ATK2378,0.019208,0
/dev/shm/demand/5f3e3a9532029659256c0ee909d4d268e1295ee0T07LDBAB8S01EZW9335.jpg,car,plate_error,0.044248,3
/dev/shm/demand/6073e46dde5daf90b2f268121061ddd185c963dcT07LDTEB1S01ADQ1752.jpg,truck,BBB8880,0.016071,0
/dev/shm/demand/608ad39c46890de0c4f50d7a075d9df699087f89F07LDTAB8S01DJF6427.jpg,truck,DJF6427,0.045907,0
/dev/shm/demand/60daffe311d5106c96fd6e67465cfc44dda2b962F07LDTEB1S06ECZ9662.jpg,truck,ECZ9662,0.02052,0
/dev/shm/demand/614e0f2369b03728d7f76a07ce8b4730a65d6932T07LDTEB8S07EAJ3981.jpg,truck,plate_error,0.036139,0
/dev/shm/demand/6184c6c822200f448a27b7809e4d6670cc45d891F07LDTEB1S01MPP5441.jpg,truck,MPP5440,0.028514,0
/dev/shm/demand/61e3c8af1d7d53be40e877aebc60144e2bee5ab0T07LDMEB8S01DYQ2684.jpg,truck,DYO2684,0.048092,1
/dev/shm/demand/624b08bd68b1cbe3cc1f75e0d0a84e6ab9210ac8f07LDteb8S01BUS0140.jpg,truck,BOG0140,0.027099,0
/dev/shm/demand/62d4adefdded26cb4ec7d99e54d792e996e7c933F07LDBEB1S08MDV4929.jpg,car,MDV4929,0.029318,0
/dev/shm/demand/62f57c87c936b1c2b41a024dd04907d9ee4b6e65T07LDTEB8S01BIY9603.jpg,truck,BIY9603,0.034763,0
/dev/shm/demand/634dc5e3807fcd35371b787fc04194c2cd744e00T07LDTEB8S01APW0073.jpg,truck,APW0073,0.027086,0
/dev/shm/demand/639485efaffd6a377319004d871f4aee2353ba1dT07LDTEB1S01ATP0482.jpg,truck,ATP0482,0.021396,0
/dev/shm/demand/639c4b43b5a7895b8b1a0e9f49ac1e0f55f8686dF07LDTEB8S01BWH5150.jpg,truck,plate_error,0.031141,0
/dev/shm/demand/642696374f57fae1a4383260fcc188fbd4f139bfT07LDTEB8S03CBZ2180.jpg,truck,ACB2218,0.031973,0
/dev/shm/demand/6511e17d02bb1d39d77e6d22dfaa75dc073ca78cT07LDBEB1S01EFP3630.jpg,car,EFP3630,0.02784,0
/dev/shm/demand/6525095225947caf8299a278725089b8f7e54663F07LDTEB8S01EFO4333.jpg,truck,plate_error,0.020963,2
/dev/shm/demand/65a57ffb3c3a2adc8ff0a24c0cd0eba2f3becfeaF07LDTEB1S01AZH2770.jpg,truck,plate_error,0.027345,1
/dev/shm/demand/67a71f0a9ae5b9b9130cb8742164dd10b55d2efbF07LDTEB1S06AZN9261.jpg,truck,plate_error,0.036511,1
/dev/shm/demand/67caacde7b3e291f9d2342ea6eb5b547ccac0902T07LDBEB1S01DPE9777.jpg,truck,DPE9777,0.017973,0
/dev/shm/demand/67cf2598f393462d60441b7a5c52cdfde2bb6c3bT07LDTEB8S03ELU5195.jpg,truck,ELU5195,0.020289,0
/dev/shm/demand/67efe20a320b292e6e717e2205b2d2ee74728d00F07LDTEB1S06BAT4420.jpg,truck,BBB8800,0.040202,0
/dev/shm/demand/68288151b6ed3679b046668a3c82a37b670fb1a0F07LDTEB1S01EEU4687.jpg,car,EEO4687,0.103301,0
/dev/shm/demand/6863bf05fc6b9369a3e9420aed26feaff39bbcfdT07LDTEB1S06ETV7997.jpg,truck,FAP7A11,0.018067,0
/dev/shm/demand/68687f1136470bccb33717cb7dbee819177c9863T07LDTEB8S01EKW8645.jpg,truck,plate_error,0.027558,4
/dev/shm/demand/68800d0e5f6b6947cf9f757742d92f81ec6889a2F07LDTEB1S01GLX4724.jpg,truck,GLX4724,0.023807,0
/dev/shm/demand/69577887022c4453080f5c3248e1a8af229c9103T07LDTEB8S01EEM4855.jpg,truck,BDB6839,0.029527,2
/dev/shm/demand/69679a8defe9afdfe32a1208b2f96ab4880c51aeT07LDTAB8S01FCX3232.jpg,truck,FCX3232,0.052246,0
/dev/shm/demand/69882c1b938026e289e15c3b529f4db48547209bT07LDBEB1S01CIT9410.jpg,car,CIT9410,0.018853,0
/dev/shm/demand/6a15fdedc2005245a8907e722131d160a6038120T07LDTEB1S01QAB0136.jpg,truck,DAB0136,0.022129,0
/dev/shm/demand/6a1e8da4dfca24a0e857557c0c79435191bce2b7T07LDTEB8S06AKB4792.jpg,truck,ECC0888,0.023458,2
/dev/shm/demand/6a443f06311f96d41f95d4866694e9c8414e3df9F07LDTAB1S01FGO5930.jpg,truck,FGD5930,0.037778,0
/dev/shm/demand/6ae7fdda54e0be45a2bd3a8f6082b2a12da52d1dT07LDTEB1S01EXU8980.jpg,truck,plate_error,0.020272,0
/dev/shm/demand/6b1c4c8af1c7a85fe6edb4589665e0178ee6f094T07LDTEM1S01QTK9B33.jpg,truck,QTK9B33,0.020686,0
/dev/shm/demand/6b546a08412504ca952a7ecfba3de0771ec2d00cT07LDTEB1S01CZC8773.jpg,truck,CZC8779,0.037443,0
/dev/shm/demand/6b5c8b41a171eaa7fbdbe485439b4ae73bf7892dF07LDTEB1S01ELW1820.jpg,truck,plate_error,0.019065,0
/dev/shm/demand/6b8b686d6a8a5a6537c4942eafe40b382061ef6eF07LDBAB1S01FFA0689.jpg,car,FFA0689,0.075292,0
/dev/shm/demand/6c9e884af155f174ae23cbc2f96eb62f26476013T07LDMEB8S01FVG5232.jpg,motorbike,FVG5232,0.031463,0
/dev/shm/demand/6d0ad5c18b490ad36877de9e69a295e8fd886c5dT07LDBEB1S01EFP3630.jpg,car,BCB8024,0.018238,1
/dev/shm/demand/6f68119a6de292969376d0f28b0c92810654b297F07LDTAB1S06GJH5033.jpg,truck,plate_error,0.035843,0
/dev/shm/demand/6f8f57dbe18087c2c1253d38ce684233bd33b98aT07LDTEB1S02ANC9927.jpg,truck,BCB8024,0.021737,0
/dev/shm/demand/6fd95a27568ebaf39325e4313b025c47f4dfa072T07LDTAB8S06BTT9744.jpg,truck,DMO8888,0.033888,0
/dev/shm/demand/70545d40cabdb151369efe69c883c8a60373c7d1F07LDTEB1S02ANN4687.jpg,truck,ECZ0100,0.029122,0
/dev/shm/demand/7096937f066b2fb63ee1e06bb681668cc8cef31aT07LDTEB1S01DBM5147.jpg,truck,DBM5147,0.020533,0
/dev/shm/demand/70b6e351df3e03c67c91155c4e3b66e9e8fa0ec9T07LDTEB8S01ARQ4522.jpg,truck,BBB8830,0.028472,1
/dev/shm/demand/70db638e448b6c4d4649d2414cd52851764c328fT07LDTEM8S01ASL8H89.jpg,truck,BCB8880,0.014393,2
/dev/shm/demand/70e26855ba7d9699b9aa89ef5420f46896d96574F07LDTEB1S01EJV6668.jpg,truck,EJY6668,0.073685,0
/dev/shm/demand/70fd7366e02b475b39ed213e27277b3407eafc06T07LDMEB8S06EQQ2029.jpg,motorbike,EQO2029,0.053537,0
/dev/shm/demand/7134ee11992ee32f27dda3bab21bcf0d16dc702fT07LDTEB8S01DDG2743.jpg,truck,plate_error,0.053347,0
/dev/shm/demand/714be83b67d0e66a880947c6424d65226ec92b6bF07LDTEB1S01HJI5773.jpg,truck,HJI5773,0.02287,0
/dev/shm/demand/717f116466393c6c8bba84f12abb6d41520dea39F07LDTAB1S01FIJ0295.jpg,truck,FIJ0295,0.03802,1
/dev/shm/demand/7270cae92630ddbc022927f74452c1eafcb0b8d6T07LDTEB1S02CLH0584.jpg,truck,BRH8587,0.021504,0
/dev/shm/demand/72fdd4df021acd2e63f336cdc333ca1b8be3e287F07LDTAB8S01FXJ0458.jpg,truck,plate_error,0.044361,1
/dev/shm/demand/74c7babc64ac23bb75dc6e2cc7d6ea3e63e8c074F07LDTEB8S01DRP2954.jpg,truck,DRP2954,0.041819,0
/dev/shm/demand/7500e6d6d2498bd64b6fd6836ce2e2b11df23ee2F07LDTEB8S06QQQ4575.jpg,truck,plate_error,0.042231,1
/dev/shm/demand/767f76cf48c29b02f54ffcbbe87fff98496b1277T07LDTEB1S03CNI4163.jpg,truck,CNI4163,0.03522,0
/dev/shm/demand/77175b0bf589e0da86b6e710daa3ff0c929abf75F07LDBEB1S01DPE9775.jpg,truck,plate_error,0.037775,2
/dev/shm/demand/774f782cf6b9c1e032a1f842b7df78b275a97317F07LDTAB8S01DIM5928.jpg,truck,DIM5928,0.044672,0
/dev/shm/demand/78050a7d4400e91240d0838a20181c8a042211f1F07LDTEB8S01EYN2391.jpg,truck,EYN2391,0.067564,0
/dev/shm/demand/7857f25fef5c7526b99773ac4eb665c67f8b67bbT07LDTEB8S06AYJ9168.jpg,truck,ENN8494,0.021898,1
/dev/shm/demand/78b6bb52ed50137aef6dea19c937c628bcb627e6F07LDTEB1S06EFU4867.jpg,truck,EPU4867,0.04052,0
/dev/shm/demand/78d4342c32c545bc40426b1c2c76e56da3011a40F07LDTEB8S01BYF5862.jpg,truck,BYF5862,0.02287,0
/dev/shm/demand/78df12659ce969150666251a46315fe9f19cdd00F07LDTEB1S01GJR2402.jpg,truck,GJR2402,0.025674,1
/dev/shm/demand/79ce2fc56fa8229474c4b9387993c2feff6cc6bcF07LDTEB1S01MBP8707.jpg,truck,MBP8707,0.020623,0
/dev/shm/demand/7a724400bc4e840388ecbde2f615b548f2e62129F07LDTAB8S01EJV8178.jpg,truck,EJV8178,0.042351,0
/dev/shm/demand/7b1894be14b31bdce79bcf4ef1530326f82bb0b3F07LDTEB1S01BWP5837.jpg,truck,BWP5837,0.021319,0
/dev/shm/demand/7b9f9ddd061f68f7a1cdad2e212282fd3659a501T07LDMEB8S01DFD4104.jpg,motorbike,DFD4104,0.052541,0
/dev/shm/demand/7be3ac2857ca238d8318188f608d5242f7ba9890T07LDTEB1S01EJZ1200.jpg,truck,plate_error,0.019355,0
/dev/shm/demand/7c0bba63c1abecbdd395eb6e70edbeeb92030e58T07LDTEB8S01BTA5187.jpg,truck,JWC8032,0.054965,4
/dev/shm/demand/7c0fd7123f707f9beb7da57a772d50bfc7e252b1T07LDTEB1S01EJV3022.jpg,truck,JWC8032,0.024707,0
/dev/shm/demand/7c81067076436f03565c1f2b1c3d443b5a9938f8F07LDTEB8S01ALC8142.jpg,truck,FAL6871,0.023803,2
/dev/shm/demand/7c98d84baa29a97e66487d26a785f38193fb9262T07LDBAM1S01BWY5D91.jpg,bus,BWY5D91,0.037874,0
/dev/shm/demand/7caa0ed3027291433df8c8265185b9bdbcaa6f3bT07LDMEB8S01EHQ5406.jpg,motorbike,EHB5406,0.041263,0
/dev/shm/demand/7ce1c04e893f94414ba14a7e632e591fd562fbd8F07LDTEB1S01BWJ1492.jpg,truck,plate_error,0.022974,1
/dev/shm/demand/7d3245bcb3c2c52601d13eae7493c301de64174dF07LDTEB1S01GID4489.jpg,truck,plate_error,0.023359,1
/dev/shm/demand/7d3e586c738690a24ce4f6b9f9396c9727c4e118T07LDTEB1S01ABZ8388.jpg,truck,IUU3001,0.019097,1
/dev/shm/demand/7d912383701a054a7da1353faba1c707cfcc7422F07LDTEB1S01CYB2798.jpg,truck,CYB2798,0.026724,0
/dev/shm/demand/7e66c41e9e96d55c3d2a0b38de71a251b39ed11aT07LDBEB8S01EUO2520.jpg,car,CYB2798,0.025938,0
/dev/shm/demand/7f03120ec007761273e72d11b226a98c51f88739F07LDTEB8S01FZN6131.jpg,truck,FZN6131,0.024571,0
/dev/shm/demand/7fefff7bdf6a64f3796f35c52248a44a79e93f66F07LDTEB8S01FXQ4352.jpg,truck,FXQ4352,0.040993,0
/dev/shm/demand/8037fdf4d7c83c30c7268cf7aa92e26b01588ab9T07LDTEB1S01CXA0197.jpg,truck,EZA0082,0.054774,0
/dev/shm/demand/80415fe433c4a5b4383006009b71b3f1ae24a259T07LDTAB8S01EYN2403.jpg,truck,EYN2403,0.030947,0
/dev/shm/demand/81d4c46dd04d0291aa3bb662cd52503bcf94a4d8F07LDTEB1S08GFF4460.jpg,truck,GFF4480,0.024859,0
/dev/shm/demand/8201b4f653d8592e9862ac5c156d74078776f3a5T07LDTEM8S04ACD4A03.jpg,truck,JFG4280,0.025694,0
/dev/shm/demand/828a480b7389775be2ded9b2a75724e8809c0e93F07LDTEB1S06EPU4854.jpg,truck,BBB8880,0.03082,1
/dev/shm/demand/82e53111dace3ef4c7422af368cc43984e5a00e9F07LDTEB8S01DWF6669.jpg,truck,DWF6669,0.0188,0
/dev/shm/demand/8495644c6ba5bedc2e412834dcd60ff5c6384595F07LDTEB1S01BUD3035.jpg,truck,BUD3035,0.019918,0
/dev/shm/demand/857dbfbb4e61954058c965f1e349c46d4a0d28e5F07LDTEB1S01BTA9276.jpg,truck,BTA9276,0.024456,0
/dev/shm/demand/85b9186e83c23faf81821533e6b6ba9e9fc4c78aF07LDTEB1S01HGF8700.jpg,truck,MGF8700,0.0305,0
/dev/shm/demand/85c304fd9ebd88f1010912922218f5b67a6d2788F07LDTEB1S01DPE2675.jpg,truck,DPE2675,0.023726,0
/dev/shm/demand/8679047841212c79a5d7f0d65d457befc936862bT07LDTEB1S01DBB1641.jpg,truck,plate_error,0.028528,1
/dev/shm/demand/86e7016359d18c27bdbada2e53a557945beb85f2F07LDTAB1S01CPG0455.jpg,truck,CPG0455,0.024536,0
/dev/shm/demand/872d7f89784fdb9304fa1de42f68653adecba61cF07LDTEB1S01EPU5727.jpg,truck,CPU5727,0.021845,0
/dev/shm/demand/87ade9aa6ca422e478ad3cc1ea7f78ddec14ff80F07LDTAM1S06APM4E48.jpg,truck,APM4E48,0.022677,0
/dev/shm/demand/886aefe3739761e122a9fce3830fe2c5fde3f4bbT07LDMAB8S01EHC4559.jpg,truck,plate_error,0.036294,0
/dev/shm/demand/88974e39f77a953e3f8918e20e7494ff89035e03F07LDTEM8S01FKK5A12.jpg,truck,FKK5A12,0.028724,0
/dev/shm/demand/89252c27b445dd7f6a782f021a66a06bbb94e291T07LDTEB1S01EQQ6409.jpg,truck,CCM8800,0.019702,1
/dev/shm/demand/89a55d41fa0f46056f54f8a2db3da1cf432f789dF07LDTEB8S01FYA2925.jpg,truck,FYA2925,0.025799,0
/dev/shm/demand/89e8551484e761d51d203938e00282d026bbf039F07LDTEB1S01CST4037.jpg,truck,plate_error,0.027712,3
/dev/shm/demand/8a273961608f837e043789c92bf0855a804d7cc3F07LDTEM8S01ATJ4A81.jpg,truck,ATJ4A81,0.02435,0
/dev/shm/demand/8ab433cf0d9bfc5170133cfb4d2223c637eb77a4F07LDTAB1S01FNU3302.jpg,truck,plate_error,0.088039,1
/dev/shm/demand/8aefe8d5afa0531199b1930f92f66f4c0c88067eT07LDTEB1S01DIR5190.jpg,truck,FDC6386,0.025053,2
/dev/shm/demand/8b41261c70b69c80895fff8e17846544ece2c2eaT07LDMEM8S01GEX6B66.jpg,motorbike,DEX6B66,0.050565,3
/dev/shm/demand/8bae13f0dc4fb024a4d9a18989fd43fb1082730aT07LDTAB8S01FKK6779.jpg,car,FKK6779,0.030828,0
/dev/shm/demand/8bf2e0d937cf0df7572bdd0638d4f3d4b1cbcc03T07LDTEB1S01BBF7530.jpg,truck,ECC8888,0.025512,1
/dev/shm/demand/8c192ebd2abafcbd3524ff50719061e6efec0e80T07LDTEB8S01FCU6078.jpg,truck,FCU6078,0.024799,0
/dev/shm/demand/8c9af57c4c116ca398276f96ff128847450c782bF07LDTEB1S01CVN3488.jpg,truck,CVN3488,0.03419,0
/dev/shm/demand/8cb0775d1a08438a8e40e341c4b055da92eefd4fT07LDTEB1S01ILI4378.jpg,truck,plate_error,0.035998,0
/dev/shm/demand/8d0abb63729d99c6c28e82d27968a1bd9fc1397bF07LDTEB8S08EFO4333.jpg,truck,IUZ0707,0.044466,1
/dev/shm/demand/8d36046211193631e787c17660ad7d4cb654a0b6T07LDTEB1S01LYP0610.jpg,truck,LYP0610,0.032553,0
/dev/shm/demand/8d8d269e18ac63727c66060ba5428f475da119faT07LDBAB1S01IPF3940.jpg,car,IPF3940,0.033686,0
/dev/shm/demand/8e0bc47d3e2442ec0d34f74edb7b35ecbfbd0959T07LDTEB8S01GBI9040.jpg,truck,GBI9040,0.042514,0
/dev/shm/demand/8e312bce1e3ab12dee5f771d3f1c842fc3f033cdF07LDTEB8S01GHX6168.jpg,truck,GHX6168,0.032958,0
/dev/shm/demand/8e9193323b59ea45a0efa96e0705596941a8d306T07LDTEB1S01MCL2394.jpg,truck,DRA4004,0.021471,0
/dev/shm/demand/8f6867efd4a354e36a76a8ac3aa55ad3767267e3F07LDTEM1S06AMX3C82.jpg,truck,AMX3C82,0.0233,0
/dev/shm/demand/901eccfbb37f8953715a5f89707b2a3c0bc97055F07LDTEB1S01DBM0494.jpg,truck,DBM0494,0.027074,0
/dev/shm/demand/90aaedb16822c92c1093358f286f372a26e66115T07LDTEB8S07BTB8275.jpg,truck,BTB8275,0.03895,0
/dev/shm/demand/90e7a33550803458ded863589cade270b4dbf347F07LDTEB1S01PUY2619.jpg,truck,PUY2619,0.065569,0
/dev/shm/demand/918cfa200acc77eea0c2e19f46a492cfc3a7164cT07LDBEB1S01CSK8651.jpg,truck,LSK8650,0.047643,0
/dev/shm/demand/91b4d353446fd831eae3321c2c04bc6d4c390f75T07LDTAB8S01FGS5909.jpg,truck,FGS5909,0.045977,0
/dev/shm/demand/91f9ea258b514dfdf0d3902ab3c08b60de0cfc8eF07LDTEB1S01CVN6558.jpg,truck,CVN6558,0.03667,0
/dev/shm/demand/9217e4795ebedef2fa6419be86724711233adfcdT07LDTEB8S01FTT0340.jpg,truck,FTT0340,0.016476,0
/dev/shm/demand/92d00452e880f8f4c69f9a18d2916b639782d983F07LDTAB8S01BTR4505.jpg,truck,BTR4505,0.052748,0
/dev/shm/demand/9303c6d3c8489d714ddead62c7a3d2e2e3dc541dT07LDTEB1S01IKL0441.jpg,truck,IKL0441,0.014099,1
/dev/shm/demand/93d592c80454fef64f4e26764e94c66d8d2e1fe1F07LDTEB1S01CNI4152.jpg,truck,CNI4152,0.03649,0
/dev/shm/demand/9439030e044f070771da180564ed53f457e4029aT07LDTEB1S01EWJ1278.jpg,truck,EWJ1278,0.055473,0
/dev/shm/demand/94f6459e6eaa9d761cea3654e290621820eb6330T07LDTEB8S06EFU4576.jpg,truck,plate_error,0.049029,0
/dev/shm/demand/951d6641146e3bc39adf5f230698a56f52fb6e89F07LDTEB1S01FJV7744.jpg,truck,FJY7744,0.024202,1
/dev/shm/demand/95229271d335330335bb07a7c4f8cdc787ff8060F07LDBAB8S01IXH1552.jpg,truck,IXH1552,0.033825,0
/dev/shm/demand/956ded9267be4de0665c52c0aefb143ba0b4c400T07LDBEB8S01BWA7965.jpg,truck,BWA7965,0.02489,0
/dev/shm/demand/95e53935e0cdcce6fcfd5fdbf40822c69c689af2T07LDTEB1S01MFU9947.jpg,truck,FCC8880,0.017841,1
/dev/shm/demand/9618909fd24e1dd638cc9726451ffdc048006529T07LDTEB1S01DAH8220.jpg,truck,DAH8220,0.022711,0
/dev/shm/demand/967642fed8f63293748437c37a2a546393d84809T07LDTEB8S01QAU6J60.jpg,truck,plate_error,0.019755,1
/dev/shm/demand/9687bea8973a081ba6cd4f46653fe0c34dba2a69F07LDTEB1S01GAL0674.jpg,truck,GAL0674,0.023136,0
/dev/shm/demand/96dafaf97b405c0cc40948555da14772dfcd3d78F07LDTEB1S01FPN9695.jpg,truck,plate_error,0.022233,1
/dev/shm/demand/9748f93860a967fd985cbb483f01d3d380fc1015T07LDBEB8S01EVX2557.jpg,car,BBC8885,0.027112,3
/dev/shm/demand/97574864111ef935d272285de4b76e720799db6aF07LDTAB1S04AWG6225.jpg,truck,CYO6111,0.065006,1
/dev/shm/demand/975e1c14194c4928b1c246dd1b255c9bbc391e32F07LDTEB8S01EFT1561.jpg,truck,EFT1561,0.023691,0
/dev/shm/demand/97f026a7e370fd663f36b1fa297e537c739a18eeF07LDTEB1S01GFS8741.jpg,truck,GFS8741,0.053401,0
/dev/shm/demand/9811a5d3065ec270022a118ae197a6681d3b0d0fF07LDTAB1S06FFN4632.jpg,truck,plate_error,0.040102,0
/dev/shm/demand/9880c16c949a85078201e1eaa96e81abc6fbaf0aF07LDTEB1S01INC2233.jpg,truck,INC2233,0.02098,0
/dev/shm/demand/98cba03b0650cf64636b7da8b346985393a1581eT07LDTEB1S01FNM7490.jpg,truck,plate_error,0.025769,0
/dev/shm/demand/98f12e9c4daa21c23ccd58a8cfee92489eb8d72fF07LDTEB1S01ESS2610.jpg,truck,ESS2610,0.049894,0
/dev/shm/demand/994de0bc6c6d970a09bd1624fed5586aeb88c32cF07LDTEB1S01GVH0370.jpg,truck,plate_error,0.028747,0
/dev/shm/demand/9aaedd8ac63e255dbdbe9190eef9945cee637f82T07LDTEB1S06DRT9109.jpg,truck,plate_error,0.029028,1
/dev/shm/demand/9b6f13b7c1d2327e3e081005e5a50c19b644bd4cF07LDTEB1S01CLJ9311.jpg,truck,JCJ8013,0.035414,0
/dev/shm/demand/9b83784bf3242ce39afb6c69068330318b7fc98cF07LDBEB1S01FHN2046.jpg,car,ESB8868,0.092698,1
/dev/shm/demand/9bbbc4f926cbeb189be31c602f7203929235fc63F07LDTEB8S01GAL1582.jpg,truck,GAL1582,0.024468,0
/dev/shm/demand/9bdb7bfe84f68af0824544b184322b3996468dd9T07LDBEB1S01GCP6000.jpg,car,OSE2110,0.029648,0
/dev/shm/demand/9c0c4463ae786c245d98920d493d11bab5846dd1T07LDTEB1S03DBL7089.jpg,truck,plate_error,0.025777,1
/dev/shm/demand/9c11c812fd15db2a2e28811b6acaeae474f78480F07LDTEB1S01EJY9884.jpg,truck,EJY9884,0.031983,1
/dev/shm/demand/9c72a7511503644cf07b00ef41fe93ccfa5ea564F07LDTEM1S01BCO8B87.jpg,truck,BCO8B87,0.021935,0
/dev/shm/demand/9d0cc10099b1710b78a2b607018759caa8ea0e95F07LDTAB8S01EZT8589.jpg,truck,EZT8589,0.113381,0
/dev/shm/demand/9d1edd20962837a629364ea09f47477e4e643622F07LDTEB1S01ALC3022.jpg,truck,ALC3022,0.02335,0
/dev/shm/demand/9d2bca13cfd59a5ac4d329969b8642227fe2633dT07LDTEB8S01KXH7225.jpg,truck,KXH7225,0.064247,0
/dev/shm/demand/9d622304635d0fd3a9d1c6517ec2b4cc90196791F07LDBAB1S01FFA0689.jpg,car,FFA0689,0.050735,0
/dev/shm/demand/9d687770a214a70979e5d38cb05998b09d62581cF07LDBAB8S01DEL3619.jpg,car,DEL3619,0.059931,0
/dev/shm/demand/9d7167df09c02b541da78b686e611c8f6b7b3910T07LDTEB8S01END2741.jpg,truck,END2741,0.021077,0
/dev/shm/demand/9d7715249bcd7634ac698d019870536020ef7d50F07LDTEB8S01GCV0291.jpg,truck,GCV0291,0.039811,0
/dev/shm/demand/9d85641f3397e097533a0df9fc3e214d9fb185c6F07LDTAB1S01KWM5079.jpg,truck,KWM5079,0.038582,0
/dev/shm/demand/9e1ef9da0d7e831291a7fc9d6b1db1ea1c1bc273T07LDTEB1S01NJO6672.jpg,truck,plate_error,0.019862,3
/dev/shm/demand/9e36b8dacdd854e425898a45da6819739c8ba1b2F07LDTEB1S01CVP7934.jpg,truck,CVP7934,0.019912,0
/dev/shm/demand/9e5e0f6b9d31b7ff961fea63a64836a97899b223F07LDTEB1S04AMC2447.jpg,truck,plate_error,0.033963,2
/dev/shm/demand/9f9d7810f893cc6f57911475e60f459c807e2cbdF07LDTEB1S01CVN6558.jpg,truck,CVN6558,0.01999,0
/dev/shm/demand/a08947b123b5a47c763b974fe58dc378ee1be612T07LDTEB8S01FGI7443.jpg,truck,CVN6558,0.029099,0
/dev/shm/demand/a101e8f49d749af7ce6f476de1731d5e10fd7482F07LDBEB8S01DAA7533.jpg,truck,DAA7533,0.101103,0
/dev/shm/demand/a119ab54370ba712f3a4127e4406d5faf5c02e2dT07LDTEB1S04DAJ0608.jpg,truck,plate_error,0.06109,0
/dev/shm/demand/a15d4c452c3a50e9e413f52e6502ed40654cfff3T07LDTEB8S01EFT1823.jpg,truck,EFT1823,0.022972,0
/dev/shm/demand/a18b8949cff6bbdc4d8be84acf07c4e99c3cb74aT07LDTEB8S03BCN4D00.jpg,truck,BCN4D00,0.026906,0
/dev/shm/demand/a19066bb6705e11e9dec816d88d1e1f9ba8c5252T07LDTEB1S01LNN1936.jpg,truck,plate_error,0.019265,1
/dev/shm/demand/a1d846938239c7204934f8fc85a6a4f37a7bb8c7F07LDTEB1S01EQU5075.jpg,truck,EQU5075,0.03509,0
/dev/shm/demand/a2845b6ee392af7b8645054626f5915746747a68F07LDBEB8S01BBQ4046.jpg,car,BBQ4046,0.022581,0
/dev/shm/demand/a29ab432f4ae93537af10ef0471b7ed3be53f74eT07LDTAB8S01FWQ8583.jpg,truck,FWD8583,0.061657,1
/dev/shm/demand/a2d7e6c49f4859324fd503a0e2cf1294cc632614F07LDTAB8S01BDU0911.jpg,car,BDU0911,0.039148,0
/dev/shm/demand/a303775a139f40e1f00b480b288ea2d7fca7b408F07LDTEB1S01NSI6730.jpg,truck,BDU0911,0.036941,0
/dev/shm/demand/a316d7b2a5d176dc65df89a7a32d4474e6357ff7T07LDTEB8S01FFA6413.jpg,truck,FFA6413,0.028764,0
/dev/shm/demand/a37c33e5566f66def142d3e8a40ab0670021c16dF07LDBEB1S01GDO6150.jpg,car,GDD6150,0.074809,0
/dev/shm/demand/a385f8a53f0596ba00686c81ac18f35b5d509efeT07LDTEB8S01DKW3186.jpg,truck,GDD6150,0.03,0
/dev/shm/demand/a3cc7e84dd875fe2d0f6c6740f2df2305cc26199T07LDTEB1S01MJB4586.jpg,truck,plate_error,0.039397,1
/dev/shm/demand/a3cfa796d4709f753b6e9dc1d993e9bd811f4c49T07LDTEM1S07ATI9G56.jpg,truck,ATI9G56,0.027467,0
/dev/shm/demand/a3fe853ddf36b90727f8c4f8b60d392b2bd58243T07LDTEB1S01BZT0669.jpg,truck,plate_error,0.017319,1
/dev/shm/demand/a40b2301df7c79c799781376b495a98e42509c79T07LDTEB8S01DVS4740.jpg,truck,DVS4740,0.02476,0
/dev/shm/demand/a439ee7ce301f9823931f18c0780071a5733b150T07LDTEB8S01BWT3196.jpg,car,plate_error,0.0799,1
/dev/shm/demand/a470db3c511f160de173f74115ceb8b5003c28d8F07LDTEB1S01MOI4028.jpg,truck,MOI4028,0.020284,0
/dev/shm/demand/a55debf9d3f7f8ae59501155dde9d55047dbbbb6T07LDMAB8S01CSB5160.jpg,motorbike,CSB5180,0.051917,0
/dev/shm/demand/a6707bea57c34efaa3630a4d43b0e12b4daeb6afF07LDTAB8S01EKM3850.jpg,car,FZE6987,0.102584,1
/dev/shm/demand/a6c432b77786564c6f162a7349e02f0eb7d7e38aT07LDTEB1S01CVN5407.jpg,truck,CVN5407,0.038677,0
/dev/shm/demand/a6fecf0276012a38a0963f6c15aebe33c23b3a91T07LDMAB8S04GFZ6730.jpg,motorbike,GFZ6730,0.062663,0
/dev/shm/demand/a8414e0a5b8555ca38a9b716f8dd6171931975dcF07LDTEM1S01EFW7G97.jpg,truck,EFW7G97,0.085357,0
/dev/shm/demand/a93607c461b23047da5b7922c81edcda17eeb1b7F07LDTEB1S01GDJ8825.jpg,truck,plate_error,0.019857,0
/dev/shm/demand/a9742cf4665244f0c03eefaf19f14ec809334530F07LDTEB8S01FSJ7850.jpg,truck,FSJ7850,0.052849,0
/dev/shm/demand/ab3b5bf90804ebca3cc41bcbe0dc367dc68fad0cT07LDTEB8S01FGZ5386.jpg,truck,FGZ5386,0.030778,0
/dev/shm/demand/abc5d0bc24f714ac5da29081d9b8fa29d824d006F07LDTAB8S01EXO8570.jpg,truck,EXO8570,0.02811,0
/dev/shm/demand/ac7358c39d47cd2a361ad47b9b5b82f50ca48f51F07LDTEB1S01EKH3317.jpg,truck,plate_error,0.031691,2
/dev/shm/demand/ac76f5895a674249126cb1677d58fe463fa39d75F07LDTEM1S01EVC0F86.jpg,truck,plate_error,0.027315,1
/dev/shm/demand/accd7fc42a1b362a88e59be658ee8c321f99966fF07LDTEB1S01NJS8785.jpg,truck,NUS8785,0.039875,0
/dev/shm/demand/accf5054a45a05539337888c49c3498887f79c89F07LDTEB8S01EFU4122.jpg,truck,BPU4122,0.02334,0
/dev/shm/demand/ae2804c745dd4a94b2771d23ea34c5d4c3b5416eT07LDTAM1S06ECM4F22.jpg,truck,ECM4F22,0.045865,1
/dev/shm/demand/ae3b4e3a7ee3fc0f2ee9b06f4f1bd5e6d855e0b9T07LDTEB8S02CCT5403.jpg,truck,BBE8940,0.017444,0
/dev/shm/demand/ae55e821e46b55c49ecdaac2636c721a46908426T07LDTEB8S02EYN2391.jpg,truck,MUL1870,0.05121,1
/dev/shm/demand/af51ba0c18d2c03a7a99003db4b007252857e669F07LDTEB1S01FFG2520.jpg,truck,FFG2520,0.029855,0
/dev/shm/demand/afad6ef5fa08bf50123691cbb3bfebcdb7377f34T07LDMEB8S01EWY0723.jpg,motorbike,EWY0723,0.046522,0
/dev/shm/demand/afb591cffd6227c80d8b937b29189357998d34ddF07LDTEB8S01CVN7539.jpg,truck,CVN7539,0.034658,0
/dev/shm/demand/afd4860def668fdd72f721cbaaacc21dadebe4ccF07LDTEM1S01JJD3F87.jpg,truck,JJD3F87,0.036012,0
/dev/shm/demand/b0e4f6b6f09b5b2938545e95a6ee07796b7eaf7eT07LDBEB8S01EWV6880.jpg,car,EWV6880,0.030212,0
/dev/shm/demand/b13f8a76d1887965c46d555bf9acf165f1301f8aF07LDTEB8S01GAL1582.jpg,truck,CUL1582,0.031846,0
/dev/shm/demand/b14302e2b2118e1aafd5dd08d0ca9fa2bcab31d3T07LDTEB8S01FGC9570.jpg,truck,FGC9570,0.019532,0
/dev/shm/demand/b16bb9512e491311ba44ba318f95cf0a8d25bf46T07LDBAB8S01ENU1786.jpg,car,ENU1786,0.024086,0
/dev/shm/demand/b1837760dcdd63250fb385d6d79209909acb60aeF07LDTEB8S01EFU1920.jpg,truck,EFU1920,0.027944,0
/dev/shm/demand/b207828b32e6489c1d3e9e1249e29d81ac1015bcT07LDTEB1S01HRS8460.jpg,truck,BBB8308,0.017578,2
/dev/shm/demand/b22a168cf4f096f0643bcb1fa693f5c1cccf6c80F07LDTEB1S01BWC0061.jpg,car,BMC0061,0.069557,0
/dev/shm/demand/b2610a3ba923529df9699c4b885abf6680b369cdT07LDTEB8S01FGZ8480.jpg,truck,FGZ8480,0.029812,0
/dev/shm/demand/b2651f8ee12eebfa32442af4773c5dac8a172cafF07LDTEB8S01FOV6065.jpg,car,FOV6065,0.058236,0
/dev/shm/demand/b2b67ed4b9e5fa7fad5f56d40a900dec40213503T07LDTEB8S01FUG8502.jpg,truck,CJC8890,0.018257,0
/dev/shm/demand/b2c7962404c3f2d85e92c0c5dc626796afcdd21bT07LDBEB8S01BFZ3332.jpg,car,BFZ3332,0.061067,0
/dev/shm/demand/b2fe57768f32215bd28a46fac1be63bb85543390T07LDTEB1S01CGR4493.jpg,truck,FPI4041,0.021603,2
/dev/shm/demand/b375cfe1304b9eb67fc0f6c6ff82192e00ea62a5F07LDBAM8S01EZJ3G17.jpg,truck,EZJ3G17,0.070204,0
/dev/shm/demand/b3a104a53e7224fb63770cbc4d05d9b42dfe0f13F07LDTAB1S01AYA7415.jpg,truck,AYA7415,0.029541,0
/dev/shm/demand/b455e641b3414328f28809627154357ed20f4276T07LDTAB1S01CLK3840.jpg,truck,ECB8802,0.024244,0
/dev/shm/demand/b46fae6cb476e6b77ea83583420ad8df9f81cf8fF07LDTEB8S01KDN8859.jpg,truck,KDH8859,0.052057,0
/dev/shm/demand/b51fb0badc6d1cfb200a999b93fffec0515bb88eF07LDTAB1S01AFM5871.jpg,truck,AFM5871,0.03664,1
/dev/shm/demand/b5d1177b074d7e4765e56ae04a6ca7c8af46b4e0F07LDTEB8S01FRZ7458.jpg,truck,FRZ7458,0.026282,0
/dev/shm/demand/b656d2cbeed86b514b1bc6aa60195f1835085d5fF07LDTAB1S01GEW2666.jpg,truck,FRZ7458,0.032656,0
/dev/shm/demand/b65b7a8b0b2fd946e60b17a69b6b720738df200bF07LDTEB8S01FKO8021.jpg,truck,FKO8021,0.080362,0
/dev/shm/demand/b6601490f9a778674d44026a606aa0926eec225cT07LDTEM1S07AXP5G55.jpg,truck,AXP5G55,0.027694,0
/dev/shm/demand/b6e63d88f1396c70a111adccbba842350d61a519F07LDTEB1S01EFR6669.jpg,truck,EFR6669,0.022647,0
/dev/shm/demand/b77e63f3ee4f2562b0280c4db29d7e427d9e0b33F07LDTAB1S01FGQ9119.jpg,truck,FGO9119,0.030945,0
/dev/shm/demand/b8b3cd7e8bef1ce1b21fcc3df99fcbe2235c42dcF07LDBEB8S01DMB0220.jpg,truck,DMB0220,0.137182,0
/dev/shm/demand/b9f6948154d96dd515a0a050dee97d167f136504F07LDTEB8S06DKZ8516.jpg,truck,plate_error,0.02857,0
/dev/shm/demand/ba2c39c94d931ed6bab0d428f6af6628d23eaf8bT07LDTEB1S01GPG7358.jpg,truck,BCB8800,0.046002,1
/dev/shm/demand/bb6c3eee0f0a49195a477030fdc635df69ec1f5bF07LDTEB8S01ASX4916.jpg,truck,ASX4916,0.046628,0
/dev/shm/demand/bbbc24444fbcf93b2ff74eff0cc63b80484a91bbF07LDTAB8S01PZI2059.jpg,truck,PZI2059,0.092072,0
/dev/shm/demand/bbef3c2497189ccde2a49937f8fdde91259e9cf8T07LDTEB1S01ATP0482.jpg,truck,ATP0482,0.03183,0
/dev/shm/demand/bd30102cb87346293f7835970c2eb8c274e84a2eF07LDTEM1S01ERS4A07.jpg,truck,BBC8888,0.030202,3
/dev/shm/demand/bd5cdbefddf58f4faf2b119823e93116d92b2cdeT07LDTEB1S01JMD4254.jpg,truck,plate_error,0.019,0
/dev/shm/demand/bdc826c6eb7cf3c0587aa2848f2e1c50baa88692T07LDTEB1S01BZB5340.jpg,truck,BZB5340,0.019396,0
/dev/shm/demand/beaa039d3df6e2e3c7bf10c7f9ce74b0d9e2ac69T07LDTEB1S01EJV7237.jpg,truck,plate_error,0.019176,0
/dev/shm/demand/beda30145804381df46f2fcd711dcb654b381dfaT07LDBAB1S01GFU6449.jpg,car,DBC8802,0.038936,2
/dev/shm/demand/beeafad270b7eee3ad4141df0bff11a5f8a5fe0bT07LDTEB8S01DEY7872.jpg,truck,DEY7872,0.025162,0
/dev/shm/demand/bf38efeca3254674f2f7e14a4d329ad618a4b011T07LDTEB8S01APW0073.jpg,truck,APW0073,0.026585,0
/dev/shm/demand/bfdc0a5e2be4dc4159a241e88f8f4b88f92fe5fcF07LDTEB1S01AJH9028.jpg,truck,BCC8880,0.024571,1
/dev/shm/demand/c0e54604d747bed2a3bb60029d39136baad18d4bT07LDTEB1S01FDL0510.jpg,truck,FDL0510,0.015241,0
/dev/shm/demand/c14879a2b091a57ed4482b4e3786d19ea0513012F07LDTEB8S01BTR4505.jpg,truck,BTR4505,0.027826,0
/dev/shm/demand/c179a5df6cbf398b04b1f6d9407175da1ac70ea2T07LDTEB1S01BWB0862.jpg,truck,BNB5101,0.035136,0
/dev/shm/demand/c27f112c1ad6a57df8dfa9840c183f58342a2571T07LDTEB8S01DKS7703.jpg,truck,DKS7703,0.01814,0
/dev/shm/demand/c2a0309b919f3a77ab29ab6335bd3fda136c292cF07LDBEB8S01FVS4403.jpg,car,FVS4403,0.0263,0
/dev/shm/demand/c35d41f3b57f3d31c9734425802c2dbb42fa48e0F07LDTEB1S01DBL5415.jpg,truck,DBL5415,0.02571,0
/dev/shm/demand/c45c711027b5baa15c4bb688e0fa256b87dc29bcT07LDMAB8S01EZO4608.jpg,car,EZO4608,0.067833,0
/dev/shm/demand/c470f0113af8163c5ea1720ce95e8b2db099c62bF07LDBEB8S01CUN2180.jpg,car,CUN2180,0.063567,0
/dev/shm/demand/c4f879dbee97ae79fd0dd6f6cba12fec3c41c4ccT07LDTEB1S01ALN0186.jpg,truck,plate_error,0.021289,1
/dev/shm/demand/c548ddd1cd7c9d81a194d2ed43d7b5beed26dbbfF07LDTEB1S01JPC9662.jpg,truck,JPC9662,0.070706,0
/dev/shm/demand/c558e6deef49f4f10f168bc8d91a2f6aad0b2d25F07LDTAB8S01ABI8281.jpg,truck,ABI8281,0.019504,0
/dev/shm/demand/c5fe059f1a4e84dedd22389953a2db0474dc0d29T07LDMEB8S01EVO3799.jpg,motorbike,plate_error,0.040917,0
/dev/shm/demand/c6125cb2066e5e00ed5147d2c7ee08912095b83fF07LDTEB1S01BWI2704.jpg,truck,BWI2704,0.02676,0
/dev/shm/demand/c63d9237ab03c9bc10d44dfcd8d68f5a7f2807c1T07LDTEB8S04EYL2082.jpg,truck,EYL2082,0.014241,0
/dev/shm/demand/c64052943a40cf47f6a4996d60cde7776a138d99F07LDTAB8S01EGL9131.jpg,car,EGL9131,0.052709,0
/dev/shm/demand/c6d9eb4af25b123c097554d288418342a5c208beF07LDTEB8S01EFS9687.jpg,truck,EFS9687,0.021954,0
/dev/shm/demand/c7376ecae99bba1794694e958663819c1758738cF07LDTEB8S01FTF0301.jpg,truck,FTF0301,0.025867,0
/dev/shm/demand/c7397ad5819302a4dcb66238ae8787a79e2b2712F07LDTEB1S01MTA8371.jpg,truck,MTA8371,0.024381,0
/dev/shm/demand/c7516e6029e3e2924e1b1605325df4084370c7feT07LDTEB1S01EPQ2272.jpg,truck,EPD2272,0.019374,0
/dev/shm/demand/c780489040ce9a53533d680284e28a573510cc57T07LDTEB1S06PCS2428.jpg,truck,TAV6550,0.029336,2
/dev/shm/demand/c8355ef142dbdfbc235e7542467a12c7f8969fbbT07LDTEB1S01BVX2432.jpg,truck,plate_error,0.045772,0
/dev/shm/demand/c89319a35471996ff4cb5fcaf9d29c664d9055e6F07LDTEB8S06ODQ4598.jpg,truck,plate_error,0.034757,2
/dev/shm/demand/c8a4cbb62f42d7d30acc4e27a71d1c309a222774T07LDTAB1S01GDS8609.jpg,truck,plate_error,0.033407,1
/dev/shm/demand/c8b77cf75bcc91fbe6af00d12a37e9b9cfa916b4T07LDTEB1S06HIM3269.jpg,truck,plate_error,0.050155,2
/dev/shm/demand/c9507735871bb2a853df29262574ec7f5bd7be1eF07LDTEB1S01MTA8371.jpg,truck,MTA8371,0.027066,0
/dev/shm/demand/c95a9267d12637affbae975da7b1b4f13e6403daT07LDTEB1S01FCO3990.jpg,truck,FCO4805,0.017292,5
/dev/shm/demand/c9c2c569ff93cb614e00299aeced2567bd3ec815F07LDTEB1S01FDR0498.jpg,truck,plate_error,0.081758,2
/dev/shm/demand/c9d35fc620fede231e2b105bc5b87c6dd092defcF07LDTEB1S06FKY2289.jpg,truck,FKY2289,0.040667,1
/dev/shm/demand/ca9f239ba4073a85947ff2ba3832fcd21f0a6fcaT07LDBEB8S01EZW9335.jpg,car,plate_error,0.024672,1
/dev/shm/demand/cae8b234a9150176c2070b0284340bf82d12093fF07LDTEB8S01DKR3059.jpg,truck,OKR3059,0.061409,0
/dev/shm/demand/cb3e7852e72d211154e64e70717dda4acbd755e1T07LDTAB8S01GKC9C96.jpg,truck,plate_error,0.035429,2
/dev/shm/demand/cb3f2d4dbe3b526f80fd8586744c89aedda3d913T07LDTEB1S06BXE1151.jpg,truck,plate_error,0.031899,1
/dev/shm/demand/cc35e6472504f19f0084a9b9abd829c08aa71783T07LDTAB8S01DPF8295.jpg,truck,BBB8880,0.041504,1
/dev/shm/demand/cc51669d235be13769b85b4e516bb961e2cf05c0T07LDTEB8S01DBL3437.jpg,truck,MDL3009,0.067561,0
/dev/shm/demand/cd211b29db02c7affbd0d8897c404683254dfbbcT07LDTEB1S01FLQ5518.jpg,truck,BCB8880,0.016778,1
/dev/shm/demand/cd93f18bfd5f95716c8d27ba03f96b25aaba9d70F07LDTEB1S01FCH4760.jpg,truck,FCH4760,0.018782,0
/dev/shm/demand/cdb6d0b269ef0d91555946b8127cedb6b46d3879T07LDMAB8S01GJO2191.jpg,car,GJO2191,0.058625,0
/dev/shm/demand/cdbee33cb42e9383ee378da6dbd0ecafdaebd531T07LDMEB8S01EXH4977.jpg,motorbike,EXH4977,0.070251,0
/dev/shm/demand/cdc11c70754885febb617b9392e871dfe01f9894F07LDBEB8S01CLK5157.jpg,truck,CLK5157,0.019328,0
/dev/shm/demand/ce08409d064c910352babcacd157bddbbf6bd173F07LDTAB1S06AYA7415.jpg,truck,AYA7415,0.076891,0
/dev/shm/demand/ce7d74646e45e80f74b62389ccb529db6ae61fdbF07LDTAB1S01DHK3573.jpg,truck,DHK3573,0.037633,0
/dev/shm/demand/ceffda37a4ef9631c3b895a2422c8cffef6e67a9F07LDTEB1S01DKS7703.jpg,truck,DKS7703,0.038334,0
/dev/shm/demand/d022353026db8731d89c3743125256f30b43a67aT07LDTEB1S01FKH6461.jpg,truck,FKH6461,0.041885,0
/dev/shm/demand/d04e984d2e7704a0bdf29e6c81bf34bf7c7a6513F07LDTAB8S01JLG2398.jpg,truck,JLG2398,0.02429,0
/dev/shm/demand/d04fa67314ce9a5d78bc0f3200d8b57e07c6cd83F07LDTEB1S01BET2161.jpg,truck,plate_error,0.018757,0
/dev/shm/demand/d08555d8d388252387be2c0ec467073f1d634317T07LDTEB1S01FLQ5518.jpg,truck,BBC8800,0.031254,1
/dev/shm/demand/d147741e5ebad94788d9e840d85fcc0d5e3c3efbT07LDTEB8S06FHJ9134.jpg,truck,BFK6884,0.031487,1
/dev/shm/demand/d18165663035529899d791470ccde3a1c6c9dc8aT07LDMEB8S01FVG5232.jpg,motorbike,plate_error,0.051405,0
/dev/shm/demand/d25b0b1140f4a75104804180bd06a6961e326c98T07LDTEB8S01CLH3224.jpg,truck,CLH3224,0.017214,0
/dev/shm/demand/d266d5604fe9d27f2b8753cbd9695f94960886cfT07LDTEB1S01IKB9687.jpg,truck,plate_error,0.018899,1
/dev/shm/demand/d2939d4aed0e93db93effe9ee9f7849a57b7243bF07LDTEB8S01GIP8848.jpg,truck,GIP8848,0.044145,0
/dev/shm/demand/d2dc85bf49bbb7aec4451d6fa0830f8ada2e6f29F07LDTEB1S01EVO3052.jpg,truck,plate_error,0.0292,0
/dev/shm/demand/d31517c5a9a07f517608968f85f2e8e1a1bfa0f9T07LDTEB1S08BCB4232.jpg,truck,DCB4232,0.0268,0
/dev/shm/demand/d3467744f5326174e50a54b9d498d98e064d9efeF07LDTEB1S01CXO6543.jpg,truck,CXO6543,0.032109,0
/dev/shm/demand/d429fe6b5f7e200bfd5d309d9e1bcc4cfe572092F07LDTEM8S01ATJ4A81.jpg,truck,ATJ4A81,0.024153,0
/dev/shm/demand/d53cc2e50a23a130339b650d94bb9c26e9752fd0F07LDTEB1S01EXX9700.jpg,truck,EXX9700,0.028616,0
/dev/shm/demand/d573dab00c29ac70bbdf4c443bc0727f07fd3a4fF07LDTEB1S01CLU8203.jpg,truck,CLU8203,0.02286,0
/dev/shm/demand/d5e5b4efb5443aaf973afc70d08762cdeea29150F07LDTEB1S01MJI5280.jpg,truck,plate_error,0.022396,0
/dev/shm/demand/d602cf5da3499f2ce02c138cffacb8df6cd1a301T07LDTEB8S01FGG9451.jpg,truck,FGG9451,0.037303,0
/dev/shm/demand/d6750192060897855d5002143240cd6f8afe62eeF07LDTEB1S01AQY2782.jpg,truck,AOY2782,0.032335,0
/dev/shm/demand/d680c93fe49a75685f83f067df543a527fcc3c30F07LDBEB8S01FVH5988.jpg,car,FVH5988,0.053623,0
/dev/shm/demand/d73808c718de307d8c164e1771b06a99c4268adfF07LDTEB8S01FKU5982.jpg,truck,FKU5982,0.018393,1
/dev/shm/demand/d8401e0ecca397c08a8e2f49973064a0537a6b41T07LDTEB8S03DBB9800.jpg,truck,CBB8634,0.016067,0
/dev/shm/demand/d874abdfccfc5613f33466769616c11f2003c7a0F07LDTEB1S08DJG3246.jpg,truck,DJG3246,0.016289,0
/dev/shm/demand/d8e957db9a7d75e4d54861961ec82aa8c6b3c17cT07LDTEB8S01BSV9995.jpg,truck,plate_error,0.056301,3
/dev/shm/demand/d921ebf844e5c6127cea4604555315516e140837F07LDTEB1S04EFO5187.jpg,truck,EFO5187,0.035288,0
/dev/shm/demand/d96a33a13eccb3ecf554c7ac2cd4138e134fca7dF07LDTEB1S01MPP5441.jpg,truck,SCD0908,0.030753,1
/dev/shm/demand/daacc7d1ef45cb28a94ac8a0798c4f0ac095e44fT07LDTEB8S01DZN3030.jpg,truck,OMG0800,0.031788,0
/dev/shm/demand/dada8e75c993250e4a5c7051b9a333cd5146cb71T07LDTEB8S01FUA0139.jpg,truck,plate_error,0.027983,0
/dev/shm/demand/daf80c660a036369bb2273ca5d14b69de0ab30d3T07LDTEB8S01DBL5950.jpg,truck,plate_error,0.038693,0
/dev/shm/demand/db42ade8daa0c3b4a103636590fe36cb152aecd2F07LDTEB1S01EFU8234.jpg,truck,EFU8234,0.020829,0
/dev/shm/demand/dc039c6bd155fac93a255ee78d28e28f0111ed2cT07LDTEB1S01AUC9613.jpg,truck,EFU8234,0.024326,0
/dev/shm/demand/dc695bd1a3652333aab15b80b1299a6ff8d36ddeT07LDTEB1S06CUD1480.jpg,truck,BBX8880,0.017043,3
/dev/shm/demand/dcbaea2d39b83e0790a93fba91c28b4d9d4e6cddF07LDTEB1S01EQU7337.jpg,truck,EUU7307,0.042924,0
/dev/shm/demand/dccf0c5210cc9679087b0f3c7dc3d77bc6fe7f6cT07LDTEM1S01APP9H50.jpg,truck,FCC6630,0.04224,1
/dev/shm/demand/dd8f5df3f71ab31210189c044606aae5d90eb54dT07LDTEB1S01EZL8980.jpg,truck,EZL8980,0.027057,0
/dev/shm/demand/ddc741f5b5133a87164f9a284be3dc3bf3557d77F07LDTEB8S01CQH6637.jpg,truck,CBB8638,0.022374,2
/dev/shm/demand/de003d5a77e40da74ce62a2e39efff8cf1f83773T07LDBEB8S06FEU9265.jpg,car,FEU9265,0.02238,0
/dev/shm/demand/deca1027b8c75624013c3c8b40cde8488fa24101T07LDTEB1S01AVN1538.jpg,truck,BBC8688,0.034833,1
/dev/shm/demand/df749c08409365db9d4e8a85c2c2e3c2342394dcT07LDBEB8S01CVO0231.jpg,car,BBB8888,0.026289,1
/dev/shm/demand/df7901820c513887d46e303c65cb9b45af731ee2F07LDBAB8S01CZA7245.jpg,truck,CZA7245,0.058658,0
/dev/shm/demand/dfa4505400f668e4f9ec12cd86c42da42c01c1a8F07LDTAB1S01MBK0044.jpg,truck,plate_error,0.042772,1
/dev/shm/demand/e0767b15b5f40225b4c36415fb30dbb096a1c6d3T07LDBEB8S01FPT7950.jpg,car,BBT7850,0.021388,0
/dev/shm/demand/e09358562033514a7c25925617ab5e5b3e1ae7e7T07LDTEB8S01FRO8330.jpg,truck,FRO8330,0.027556,0
/dev/shm/demand/e09e93414daeb7e6f22c8593730cfa8602b59802T07LDBEB1S01DAO9814.jpg,car,ESC0L48,0.027856,1
/dev/shm/demand/e16e93460375f339c4fbb0a2415140f5db51243eF07LDTEB1S01BWT2753.jpg,truck,BWT2753,0.018663,0
/dev/shm/demand/e1a4d6e17be54c66e7669c75a9588da0ad175363F07LDTEB1S01EXO1809.jpg,truck,EXO1809,0.035365,0
/dev/shm/demand/e1a8dec4e78855a18fa1e3ecabf553242ad18ac7F07LDTEB8S01FOJ2306.jpg,truck,FOJ2306,0.043787,0
/dev/shm/demand/e2800c80e6d10dac2ad99beff7b4dd6f3eb93062F07LDTEB1S06HRO4997.jpg,truck,GOG4K59,0.018997,1
/dev/shm/demand/e2a2c34dc37b02a786ba7dfbb9351ebbe479bbf6F07LDTEB8S01CZZ4727.jpg,truck,plate_error,0.037265,2
/dev/shm/demand/e3bf7e0339815aee4bcd9ef55eea11e14333f201T07LDBEB8S01KNJ8763.jpg,car,KNJ8763,0.028772,0
/dev/shm/demand/e3c0beae08bd54805879c37650435a02d6f671ddF07LDTEB1S06AMS1694.jpg,truck,AVS1594,0.02357,0
/dev/shm/demand/e3d2da08a16ee375b88f33fd696626d5049761c9F07LDBEB1S01FEQ4711.jpg,truck,FEO4711,0.051605,0
/dev/shm/demand/e468a675b189f822eb88a697fd1fe8bb845750afT07LDTAM8S01EGR9J80.jpg,truck,EGR9J80,0.03654,0
/dev/shm/demand/e55519bfb932c94bf600a33a84e7c59b674ce044T07LDTAB1S06EPU8730.jpg,truck,CBB2360,0.036529,5
/dev/shm/demand/e5b07695fdbda55231a98c69f7fd415ba576afd3T07LDBEB8S01FFC4032.jpg,car,plate_error,0.028121,1
/dev/shm/demand/e5c60b9ceec73ed8c8d826f41556f10a5e328390T07LDTEB8S01BBO0251.jpg,truck,DBA0000,0.024558,0
/dev/shm/demand/e5f509dafe10470a1c48f49159552488edca9625T07LDTEB8S01FMX2359.jpg,truck,plate_error,0.02503,2
/dev/shm/demand/e62d482ffd696e21aee24418e29d81401e297522F07LDTEB8S01DUR8425.jpg,truck,DUR8425,0.051647,0
/dev/shm/demand/e6be2b8de714f4a7e9cfa8c20616a11edbd9afd0F07LDTEB1S01EJV0248.jpg,truck,EJV0248,0.025328,0
/dev/shm/demand/e6e25cb3f82b1526e7852fb34e175078378ba46aT07LDTEB8S01NSL9394.jpg,truck,NSL9394,0.021162,0
/dev/shm/demand/e70945f46f99fa21f95902f945559268210f22c3T07LDTEB1S01EQI4199.jpg,truck,BDD8020,0.056879,0
/dev/shm/demand/e73f06de15cdbb4351c190a7c3cb383ba91d8587T07LDTEB1S01DVT9345.jpg,truck,OYT9345,0.02552,0
/dev/shm/demand/e7a0e2e956877af7ee3f520331f35273a6f8c725T07LDMEB8S05EWE5792.jpg,motorbike,plate_error,0.037244,0
/dev/shm/demand/e7e2a29cd800518891121c38bde9c144972164feT07LDTEB1S01FEZ6009.jpg,truck,FEZ6009,0.03461,0
/dev/shm/demand/e82004ca2b9c70fa58994631064068c40dd196e4F07LDTAB1S01GIE4525.jpg,car,GIE4525,0.022309,0
/dev/shm/demand/e9fcb568008e245e200830f0dd7d3b525f94a355T07LDTEB1S01DBB1169.jpg,truck,plate_error,0.02027,2
/dev/shm/demand/eb95d35224936b9d8ae03a076db2218c22e44403F07LDBEM1S01EBG5A39.jpg,truck,EBG5A39,0.096036,0
/dev/shm/demand/ebbc84c6c9e89cea33ae0fc0b6c5031f365a8c07F07LDTEB1S01EMU0653.jpg,truck,EMU8669,0.025442,0
/dev/shm/demand/ecb46c059c3a362ce23f14ffdc23fe43dc98ccb1T07LDTEB1S01EJW5973.jpg,car,EJW5973,0.044761,0
/dev/shm/demand/ed54caf5a326e1f575da187ef5b8cb768e07fe51T07LDTEB8S01DHK0621.jpg,truck,DHK0627,0.019411,0
/dev/shm/demand/edf97f0f44404afa95a782f6cb842eac3c3c11d4T07LDBEB8S06EDS6426.jpg,car,EDS6426,0.022274,0
/dev/shm/demand/ee527b714a1b5808725e34f83958477d1da6ff7bT07LDBAB8S01BBY3202.jpg,car,BBB8838,0.048144,0
/dev/shm/demand/ef95f442d9f0919e942c82dacfbd46b8a561c690F07LDTEB1S08FXS6993.jpg,truck,FXS6599,0.019259,0
/dev/shm/demand/f021785b387206d39794ab2260bd431373cbfcadT07LDTEB1S01MDW3006.jpg,truck,MDW3006,0.029227,0
/dev/shm/demand/f048b89126475840a9bec34fa4679219349df654F07LDBEB8S01GGL0518.jpg,truck,GGL0518,0.02715,0
/dev/shm/demand/f06d1f7cf540234451c9d6eb62b67139d77d6a30F07LDTAB1S01ASX4916.jpg,truck,ASX4916,0.05401,0
/dev/shm/demand/f0cd447038060b84d9e5e3e82d743654d30c739aF07LDTAB8S01BGZ9916.jpg,car,BGZ9916,0.082071,0
/dev/shm/demand/f0f3e9da4e1f15145b855d30548d743511fc3a4dF07LDBEB8S01EJW3387.jpg,truck,EJW3387,0.041229,0
/dev/shm/demand/f14435633cd043e8bb327cbd4cab67b40d7d7c3cF07LDTEB1S01BXJ3160.jpg,truck,BXJ3160,0.016752,0
/dev/shm/demand/f359af4c1c5d653447445f3f11679bbbbb30d5caF07LDTEB8S01FAD7271.jpg,truck,FAD7271,0.030063,0
/dev/shm/demand/f37cb1ef7fda6977130a10e96dcfbba3d175ad9bF07LDTAB8S01EIF6952.jpg,truck,EIF6852,0.071253,0
/dev/shm/demand/f3dca50628465ec93430b857396ca3e709bebc91F07LDTEB8S01FZG5999.jpg,truck,FZG5999,0.031606,0
/dev/shm/demand/f454da3960ceb468f6934b0181b979a00bee5dd5T07LDTEB8S01DVD1438.jpg,truck,DVD1438,0.029602,0
/dev/shm/demand/f4e362ef2745ba50608aad075fd9715dcd1f1661T07LDTAB8S01FTU3266.jpg,truck,FTU3266,0.02166,0
/dev/shm/demand/f51a22005d688b46d502f69c8acef5e0a82ce036F07LDTEB1S01HMD4151.jpg,truck,HMD4151,0.02103,0
/dev/shm/demand/f54a8dae36c991ffe4922396b5deccca7900f37dT07LDTEB8S01DCZ4072.jpg,truck,DCZ4072,0.032317,0
/dev/shm/demand/f56b6772daeccc310a4f83b1083e3be02a66d830T07LDTEM1S01MQG5B22.jpg,truck,plate_error,0.036115,1
/dev/shm/demand/f59a1c963ef26d4313dd93e1f07b2205aeab16b8F07LDTEM8S01DEU8B50.jpg,truck,ODR9002,0.038297,1
/dev/shm/demand/f6625f23b1fd7f22916f98088112bb7c3e357a7bT07LDMEB1S01DSU0638.jpg,motorbike,plate_error,0.048584,0
/dev/shm/demand/f74b656f8941363ba4ce02b59463ab558cba3c6aT07LDTEB1S06DYF5119.jpg,truck,plate_error,0.063985,0
/dev/shm/demand/f76c074c00a635474e2d3d91cbb1f7c7e2f781a2F07LDBAB1S01EOF2208.jpg,bus,plate_error,0.032396,1
/dev/shm/demand/f7b1a1b74ab4a2831fc377dc07b429949545f369F07LDTEB8S01FPV4056.jpg,car,FPY4056,0.08425,0
/dev/shm/demand/f7c16554331aa06430f4c07b2d87ec585032fcd2T07LDTAB8S01FTS4911.jpg,truck,FTS4911,0.045036,0
/dev/shm/demand/f804217e63a2d9a467548f25919c11f2ddaa8bb5F07LDTEB8S01EFT1141.jpg,truck,EFT1141,0.035381,0
/dev/shm/demand/f988f620ad5884f347cbda9c87b9c56c94ff6fceT07LDTEB8S07FUP9370.jpg,truck,plate_error,0.042655,0
/dev/shm/demand/fac3cc2dd9e2ef62c0fdb60fc41ea7ea20c69013F07LDTEB8S01GAI1476.jpg,truck,plate_error,0.032459,1
/dev/shm/demand/fb942b02a6ca1de88add2a5ca466a6902159c672T07LDTEB8S01FKF3089.jpg,truck,FKF3089,0.020427,0
/dev/shm/demand/fbd479b7d1d2ffdd2eed05a4a0cdc115d2b5c5faF07LDTAB8S01CPN5948.jpg,truck,CPN5948,0.033975,0
/dev/shm/demand/fc8a863164a362134bb3397daf261a66c3d6aaf6T07LDTEB1S03AFP2878.jpg,truck,ECB8000,0.064117,0
/dev/shm/demand/fc989e692bd17289f27d32887c7350101a64f5f8F07LDTEB8S01GXM1638.jpg,truck,GXM1638,0.025541,0
/dev/shm/demand/fd1c71a5c688715b43d720ef343a153131cfa975F07LDTEB8S01GIV3053.jpg,truck,GIY3053,0.023759,0
/dev/shm/demand/fd490f8ec40df4a2994f5fc28708f63b557c356fF07LDTEB1S01BYY9616.jpg,truck,BYY9616,0.036845,0
/dev/shm/demand/fd7f0dfcd64bdd307d85a4b032351b6c4585d459F07LDTEM8S01CNI4A46.jpg,truck,CNI4A46,0.02783,0
/dev/shm/demand/fe09aef53ee111d495870e1cc4cddeaa0cfe4d6aF07LDBEM8S01KUO5H43.jpg,truck,KUO5H43,0.040397,0
/dev/shm/demand/fe4a7830481abfa8a741925488f8651b2a7ded9eF07LDTEB1S01DMK0133.jpg,truck,plate_error,0.028677,1
/dev/shm/demand/fee9ce59c6a8502c34af9f96b2f92ea8889c2e88T07LDMEB8S01FWL0242.jpg,motorbike,FWL0242,0.052566,0
/dev/shm/demand/fef6edc136784233db19d0447ac04ed79bcb196bT07LDTEB8S01KXZ0036.jpg,truck,KXZ0036,0.025284,0
/dev/shm/demand/ff134209a6dfe0005a9951072241e17152579558T07LDBEB1S01EOF2208.jpg,bus,KXZ0036,0.040522,0
/dev/shm/demand/ff34ab334b9cfdc82e23c3e5aba52e8c58c8ccffT07LDTEB1S01FHE9275.jpg,truck,FHE9275,0.030907,0
/dev/shm/demand/ff58c63a1c712b29b5a4d489dfd044c9958b7c45T07LDTEB1S01EZB6289.jpg,truck,JBM6640,0.021035,0
/dev/shm/demand/ff929a7c4963ec11670666c0f729765090fad872F07LDTEM1S01CUA0J40.jpg,truck,CUA0J40,0.026359,0
/dev/shm/demand/ffc88d9d63276c01a735e1b741942cdfd8958ee2T07LDTEB1S07DAJ2281.jpg,truck,plate_error,0.03452,1
